About	About	True
AcceptAllChangesInDocAndStopTracking	Accept All Changes and Stop Tracking	True
AccessibilityChecker	Check Accessibility	True
AccountSettings	Account Settings...	False
AcetateModeOriginalMarkup	Original: Show Markup	True
Acronyms		
ActivateOffice		
ActivateProduct	Activate Product...	True
ActiveXButton	Command Button	True
ActiveXCheckBox	Check Box	True
ActiveXComboBox	Combo Box	True
ActiveXFrame	Frame	True
ActiveXImage	Image	True
ActiveXLabel	Label	True
ActiveXListBox	List Box	True
ActiveXRadioButton	Option Button	True
ActiveXScrollBar	Scroll Bar	True
ActiveXSpinButton	Spin Button	True
ActiveXTextBox	Text Box	True
ActiveXToggleButton	Toggle Button	True
AddChartElementMenu	Add Chart Element	False
AddDataLabelShapesMenu	Add Data Label	True
AddDataLabelsShapesMenu	Add Data Labels	True
AddInManager	Document Template	True
AddInsMenuAnchor		
AddNode	Add Point	True
AddToFavorites	Add to Favorites...	False
AddinDisabledGroup		
AddressBook	Address Book...	True
AddressFontsFormat	Format Addr Fonts	True
AdvancedEdit3DModel	Pan & Zoom	False
AdvancedFileProperties	View Document Properties...	True
AdvertisePublishAs	Find add-ins for other file formats	True
AlignCenter	Center	True
AlignDialog	Align	False
AlignDistributeHorizontally	Distribute Horizontally	False
AlignDistributeVertically	Distribute Vertically	False
AlignJustify	Justify	True
AlignJustifyHigh	Justify High	True
AlignJustifyLow	Justify Low	True
AlignJustifyMedium	Justify Medium	True
AlignJustifyMenu	Justify	False
AlignJustifyThai	Thai Distributed	True
AlignJustifyWithMixedLanguages	Justify	True
AlignLeft	Align Left	True
AlignRight	Align Right	True
AlignTextMenu		
AlignmentGuides	Use Alignment Guides	True
AlignmentMenu		
AllowPersonallyIdentifiableInformation		
AltTextPaneRibbon	Alt Text	True
AlternativeText	Size...	False
AppGuardTrustPromotion	Trust File	False
ApplicationOptionsDialog	Options	True
ApplyCoAuthoringLock	Block Authors	False
ApplyStylesPane	Apply Styles...	True
ArrowStyleGallery	Arrows	False
ArrowsMore	More Arrows...	False
ArtisticEffectsDialog	Artistic Effects Options...	False
AsianLayoutCharacterScaling	Character Scaling	True
AsianLayoutCharactersEnclose	Enclose Characters...	True
AsianLayoutCombineCharacters	Combine Characters...	True
AsianLayoutFitText	Fit Text...	False
AsianLayoutHorizontalInVertical	Horizontal in Vertical...	False
AsianLayoutMenu	Asian Layout	True
AsianLayoutPhoneticGuide	Phonetic Guide...	True
AsianLayoutTwoLinesInOne	Two Lines in One...	False
AutoAlternativeText	View Alt Text...	True
AutoCaptionInsert	Insert Auto Caption	True
AutoCorrect	AutoCorrect Options...	True
AutoCorrectCapsLockOff	Tools AutoCorrect Caps Lock Off	True
AutoCorrectDays	Tools AutoCorrect Days	True
AutoCorrectExceptions	Tools AutoCorrect Exceptions	True
AutoCorrectHECorrect	HECorrect	True
AutoCorrectInitialCaps	Tools AutoCorrect Initial Caps	True
AutoCorrectReplaceText	Tools AutoCorrect Replace Text	True
AutoCorrectSentenceCaps	Tools AutoCorrect Sentence Caps	True
AutoCorrectSmartQuotes	Tools AutoCorrect Smart Quotes	True
AutoFormat	AutoFormat...	True
AutoFormatAsYouType	Tools Options AutoFormat As You Type	True
AutoFormatChange	Tip Wizard 6	False
AutoFormatNow	AutoFormat...	True
AutoFormatOptions	Tools Options AutoFormat	True
AutoManager	AutoCorrect Options...	True
AutoMarkIndexEntries	Auto Mark Index Entries	True
AutoSaveSwitch	AutoSave	True
AutoScroll	Auto Scroll	True
AutoSum	Sum	False
AutoSummarize	Auto Summarize	False
AutoSummaryExitView	Close	False
AutoSummaryResummarize	Resummarize	False
AutoSummaryToolsMenu	AutoSummary Tools	False
AutoSummaryUpdateProperties	Update Properties	False
AutoSummaryViewByHighlight	Highlight/Show Only Summary	False
AutoTextCreate	Create AutoText...	False
AutoTextGallery	AutoText	True
AutoTextInsert	Insert AutoText	True
BackgroundRemovalClose	Discard All Changes	False
BarcodeInsert	Barcode	True
BevelShapeGallery	Bevel	False
BevelTextGallery	Bevel	True
BibliographyAddNewPlaceholder	Add New Placeholder...	True
BibliographyAddNewSource	Add New Source...	True
BibliographyGallery	Bibliography	True
BibliographyInsert	Insert Bibliography	True
BibliographyManageSources	Manage Sources...	True
BibliographyStyle	Style:	True
BlankPageInsert	Blank Page	True
BlockAuthorsMenu	Block Authors	False
BlogCategoryInsert	Insert Category	False
BlogHomePage	Home Page	False
BlogInsertCategories	Insert Category	False
BlogManageAccounts	Manage Accounts	True
BlogOpenExisting	Open Existing	False
BlogPublish	Publish	False
BlogPublishDraft	Publish as Draft	False
BlogPublishMenu	Publish	False
BodyTextHide	Hide Body Text	False
Bold	Bold	True
BoldRun	Bold Run	True
BookmarkInsert	Bookmark...	True
BorderBottomWord	Bottom Border	True
BorderColorPicker	Pen Color	True
BorderDiagonalDown	Diagonal Down Border	False
BorderDiagonalUp	Diagonal Up Border	False
BorderInside	Inside Borders	True
BorderInsideHorizontal	Inside Horizontal Border	True
BorderInsideVertical	Inside Vertical Border	True
BorderLeftWord	Left Border	True
BorderMoreColorsDialog	More Colors...	True
BorderNone	No Border	True
BorderOutside	Outside Borders	True
BorderRightWord	Right Border	True
BorderStylesGallery	Border Styles	True
BorderTopWord	Top Border	True
BordersAll	All Borders	True
BordersSelectionGallery	Borders	True
BordersShadingDialog	Borders and Shading...	True
BordersShadingDialogWord	Borders and Shading...	True
BreakInsertDialog	Break	True
BreakParagraphPageBreakBefore	Para Page Break Before	True
BreaksGallery	Breaks	True
BrightnessLess	Less Brightness	False
BrightnessMore	More Brightness	False
BroadcastEdit	Edit	False
BroadcastEnd	End Online Presentation	False
BroadcastNotes	Share Meeting Notes	False
BroadcastNotesSplitButton	Share Meeting Notes	False
BroadcastResume	Resume Online Presentation	False
BroadcastSendInvitation	Send Invitations	False
BroadcastSlideShowBackstage	Present Online	True
BroadcastSlideShowGeneric	More Services...	False
BrowseNext	Next	True
BrowsePrevious	Previous	True
BuildingBlockProperties	Properties	False
BuildingBlocksOrganizer	Building Blocks Organizer...	True
BulletDefineNew	Define New Bullet...	True
BulletListDefault	Tools Bullet List Default	True
Bullets	Bullets	True
BulletsAndNumberingBulletsDialog	Bullets and Numbering...	True
BulletsAndNumberingClassic	Tools Bullets Numbers	True
BulletsGalleryWord	Bullets	True
ButtonAddinDisabled	Manage COM Add-ins	False
ButtonCategoryCloudServices		
ButtonCategoryLocalServices		
ButtonCategoryRecentDocuments		
ButtonGroupCloudServices		
ButtonGroupItemSaveCloudServices		
ButtonGroupItemSaveLocalServices		
ButtonGroupLocalServices		
ButtonGroupRecentDocuments		
ButtonGroupsSave		
ButtonOpenBrowse		
ButtonTaskDynamicServiceProvider		
ButtonTaskFixItHub		
ButtonTaskRecentDocuments		
ButtonTaskSharedWithMe		
Calculate	Tools Calculate	False
Callout	Callout	True
CalloutOptions	Callout Options	False
Cancel	Cancel	True
CaptionInsert	Insert Caption...	True
CaptionInsertWord	Insert Add Caption	True
CellsDelete	Delete Cells...	False
CellsInsertDialog	Insert Cells...	False
ChangeCase	Change Case	True
ChangeCaseDialogClassic	Change Case...	True
ChangeCaseGallery	Change Case	True
ChangeIcon	From Icons...	False
ChangeStylesMenu	Change Styles	True
CharacterBorder	Character Border	True
CharacterCodeToggle	Toggle Character Code	True
CharacterFormattingReset	Reset Character Formatting	True
CharacterLeft	Char Left	True
CharacterLeftExtend	Char Left Extend	True
CharacterRight	Char Right	True
CharacterRightExtend	Char Right Extend	True
CharacterShading	Character Shading	True
Chart3DView	3-D Rotation...	False
ChartAddAxis	Add Axis	False
ChartAxes	Axes	False
ChartAxesGallery	Axes	False
ChartAxesOptionsDialog	More Axis Options...	False
ChartAxesTitlesOptionsDialog	More Axis Title Options...	False
ChartAxisTitles	Axis Titles	False
ChartAxisTitlesGallery	Axis Titles	False
ChartCalloutDataLabelAdd	Add Data Callout	True
ChartCalloutDataLabelsAdd	Add Data Callouts	True
ChartChangeDataLabelShapeGallery	Change Data Label Shape	False
ChartChangeDataLabelShapesGallery	Change Data Label Shapes	False
ChartChangeType	Change Chart Type...	False
ChartColorsGallery	Change Colors	False
ChartDataLabel	Data Labels	False
ChartDataLabelAdd	Add Data Label	True
ChartDataLabelDialog	More Data Label Options...	False
ChartDataLabelsAdd	Add Data Labels	True
ChartDataTable	Data Table	False
ChartDataTableOptionsDialog	More Data Table Options...	False
ChartDelete	Delete	False
ChartDeleteSeries	Delete Series	False
ChartDepthAxis	Depth Axis	False
ChartDepthAxisOptionsDialog	More Depth Axis Options...	True
ChartDepthAxisTitle	Depth Axis Title	False
ChartDepthAxisTitleOptionsDialog	More Depth Axis Title Options...	True
ChartDepthGridlines	Depth Gridlines	False
ChartDepthGridlinesOptionsDialog	More Depth Gridlines Options...	True
ChartEditDataMenu	Edit Data...	False
ChartEditDataSource	Select Data...	False
ChartEditText	Edit Text	False
ChartElementSelector	Chart Elements	False
ChartErrorBars	Error Bars	False
ChartErrorBarsOptionsDialog	More Error Bars Options...	False
ChartExitEditText	Exit Edit Text	False
ChartFloor	Chart Floor	False
ChartFloorOptionsDialog	More Floor Options...	False
ChartFormatAxis	Format Axis...	False
ChartFormatAxisAndSelect	Format Axis...	False
ChartFormatAxisTitle	Format Axis Title...	False
ChartFormatBackWall	Format Back Wall...	False
ChartFormatChartArea	Format Chart Area...	False
ChartFormatChartTitle	Format Chart Title...	False
ChartFormatDataLabel	Format Data Label...	False
ChartFormatDataLabelAndSelect	Format Data Label...	False
ChartFormatDataLabels	Format Data Labels...	False
ChartFormatDataLabelsAndSelect	Format Data Labels...	False
ChartFormatDataPoint	Format Data Point...	False
ChartFormatDataPointAndSelect	Format Data Point...	False
ChartFormatDataSeries	Format Data Series...	True
ChartFormatDataSeriesAndSelect	Format Data Series...	False
ChartFormatDataTable	Format Data Table...	False
ChartFormatDisplayUnit	Format Display Unit...	False
ChartFormatDownBars	Format Down Bars...	False
ChartFormatDropLines	Format Drop Lines...	False
ChartFormatErrorBars	Format Error Bars...	False
ChartFormatFloor	Format Floor...	False
ChartFormatGridlines	Format Gridlines...	False
ChartFormatHighLowLine	Format High-Low Lines...	False
ChartFormatLeaderLines	Format Leader Lines...	False
ChartFormatLegend	Format Legend...	False
ChartFormatLegendEntry	Format Legend Entry...	False
ChartFormatMajorGridlinesAndSelect	Format Major Gridlines...	False
ChartFormatMinorGridlinesAndSelect	Format Minor Gridlines...	False
ChartFormatParetoLine	Format Pareto Line...	True
ChartFormatPlotArea	Format Plot Area...	False
ChartFormatSelection	Format Selection	False
ChartFormatSeriesLine	Format Series Lines...	False
ChartFormatSideWall	Format Side Wall...	False
ChartFormatTrendline	Format Trendline...	False
ChartFormatTrendlineAndSelect	Format Trendline...	False
ChartFormatTrendlineLabel	Format Trendline Label...	False
ChartFormatUpBars	Format Up Bars...	False
ChartFormatWalls	Format Walls...	False
ChartGridlineOptionsDialog	More Gridline Options...	False
ChartGridlines	Gridlines	False
ChartGridlinesGallery	Gridlines	False
ChartInsert	Chart...	True
ChartInsertDataField	Insert Data Label Field	False
ChartLayoutGallery	Quick Layout	False
ChartLegend	Legend	False
ChartLegendOptionsDialogDialog	More Legend Options...	False
ChartLines	Lines	False
ChartMajorGridlinesAdd	Add Major Gridlines	False
ChartMinorGridlinesAdd	Add Minor Gridlines	False
ChartPlotArea	Plot Area	False
ChartPlotAreaOptionsDialog	More Plot Area Options...	False
ChartPrimaryHorizontalAxis	Primary Horizontal Axis	False
ChartPrimaryHorizontalAxisOptionsDialog	More Primary Horizontal Axis Options...	True
ChartPrimaryHorizontalAxisTitle	Primary Horizontal Axis Title	False
ChartPrimaryHorizontalAxisTitleOptionsDialog	More Primary Horizontal Axis Title Options...	True
ChartPrimaryHorizontalGridlines	Primary Horizontal Gridlines	False
ChartPrimaryHorizontalGridlinesOptionsDialog	More Primary Horizontal Gridlines Options...	True
ChartPrimaryVerticalAxis	Primary Vertical Axis	False
ChartPrimaryVerticalAxisOptionsDialog	More Primary Vertical Axis Options...	True
ChartPrimaryVerticalAxisTitle	Primary Vertical Axis Title	False
ChartPrimaryVerticalAxisTitleOptionsDialog	More Primary Vertical Axis Title Options...	True
ChartPrimaryVerticalGridlines	Primary Vertical Gridlines	False
ChartPrimaryVerticalGridlinesOptionsDialog	More Primary Vertical Gridlines Options...	True
ChartRefresh	Refresh Data	False
ChartResetToMatchStyle	Reset to Match Style	False
ChartRotationOptionsDialog	More Rotation Options...	False
ChartSaveTemplates	Save as Template...	False
ChartSecondaryHorizontalAxis	Secondary Horizontal Axis	False
ChartSecondaryHorizontalAxisOption	More Secondary Horizontal Axis Options...	True
ChartSecondaryHorizontalAxisTitle	Secondary Horizontal Axis Title	False
ChartSecondaryHorizontalAxisTitleOptionsDialog	More Secondary Horizontal Axis Title Options...	True
ChartSecondaryHorizontalGridlines	Secondary Horizontal Gridlines	False
ChartSecondaryHorizontalGridlinesOptionsDialog	More Secondary Horizontal Gridlines Options...	True
ChartSecondaryVerticalAxis	Secondary Vertical Axis	False
ChartSecondaryVerticalAxisOptionsDialog	More Secondary Vertical Axis Options...	True
ChartSecondaryVerticalAxisTitle	Secondary Vertical Axis Title	False
ChartSecondaryVerticalAxisTitleOptionsDialog	More Secondary Vertical Axis Title Options...	True
ChartSecondaryVerticalGridlines	Secondary Vertical Gridlines	False
ChartSecondaryVerticalGridlinesOptionsDialog	More Secondary Vertical Gridlines Options...	True
ChartSeriesTypeChange	Change Series Chart Type...	False
ChartShowData	Edit Data...	False
ChartShowDataContextualMenu	Edit Data in Excel	False
ChartShowDataGrid	Edit Data	False
ChartSortAscending	Sort Smallest to Largest	False
ChartSortDescending	Sort Largest to Smallest	False
ChartSortReset	Reset to data	False
ChartSortRightClickMenu	Sort	False
ChartSourceDataContextualMenu	Select Data...	False
ChartStylesGallery	Quick Styles	False
ChartSwitchRowColumn	Switch Row/Column	False
ChartTitle	Chart Title	False
ChartTitleOptionsDialog	More Title Options...	False
ChartTrendline	Trendline	False
ChartTrendlineAdd	Add Trendline...	False
ChartTrendlineOptionsDialog	More Trendline Options...	False
ChartUpDownBars	Up/Down Bars	False
ChartUpDownBarsOptionsDialog	More Up/Down Bars Options...	False
ChartWall	Chart Wall	False
ChartWallOptionsDialog	More Walls Options...	False
ChartWaterfallSetAsTotal	Set as Total	False
ChartWaterfallUnsetTotal	Clear Total	False
CheckForUpdates	Check for Updates	True
ChineseTranslationDialog	Convert with Options...	True
ChunkLearningTools	Immersive Reader	
ChunkLearningToolsClose	Close	
CitationInsert	Insert Citation	True
CitationMark	Mark Citation...	True
ClassifyLabelProtect	Sensitivity	False
ClearContentsWord	Contents	True
ClearFormats	Clear Formats	True
ClearFormatting	Clear Formatting	True
ClearMenuWord	Clear	True
ClipArtInsert	Clip Art...	False
ClipArtInsertDialog	Online Pictures...	True
CloseLearningTools	Close Immersive Reader	False
ClosePane	Close	True
ClosePath	Close Path	False
CloudFixItHub		
CloudSkyDriveUpsellGroup		
Collaborate	Share	True
CollaborateActivity	Version History	False
CollapseAllHeadings	Collapse All Headings	True
CollapseHeading	Collapse Heading	False
ColorPickerChartLineStyles	Picture Border	False
ColorPickerFocusModeBackground	Background	False
ColorPickerLearningToolsWebView	Page Color	False
ColorPickerParagraphShading	Paragraph Shading	True
ColorPickerTableCellShading	Table Cell Shading	False
ColumnWidth	Column Width...	False
ColumnsDialog	More Columns...	True
ComAddInsDialog	COM Add-ins...	True
CombineCharacters	Yoko-Gumi	False
CompareAndCombine	Compare & Combine	True
ConflictViewClose	Close Conflict View	False
ConflictViewEnter	Resolve	False
ConflictsAccept	Accept My Change	False
ConflictsAcceptAllInDocument	Accept All Conflicting Changes in Document	False
ConflictsAcceptAndMoveToNext	Accept & Move to Next	False
ConflictsAcceptMenu	Accept My Change	False
ConflictsNext	Next	False
ConflictsPrevious	Previous	False
ConflictsReject	Reject My Change	False
ConflictsRejectAllInDocument	Reject All Conflicting Changes in Document	False
ConflictsRejectAndMoveToNext	Reject & Move to Next	False
ConflictsRejectMenu	Reject My Change	False
ConnectToNetworkDrive	Connect	True
ConsistencyCheck	Consistency Check...	True
ContactUs	Contact Support...	True
ContentControlBuildingBlockGallery	Building Block Gallery Content Control	True
ContentControlCheckBox	Check Box Content Control	True
ContentControlComboBox	Combo Box Content Control	True
ContentControlDate	Date Picker Content Control	True
ContentControlDropDownList	Drop-Down List Content Control	True
ContentControlPicture	Picture Content Control	True
ContentControlRemove	Remove Content Control	False
ContentControlRepeating	Repeating Section Content Control	True
ContentControlRichText	Rich Text Content Control	True
ContentControlText	Plain Text Content Control	True
ContentControlsGroup	Group	False
ContentControlsGroupMenu	Group	False
ContentControlsUngroup	Ungroup	False
ContentsAndIndex	Contents and Index	True
ContextMenu3DModel		True
ContextMenuActiveXControl		True
ContextMenuAddressBlock		True
ContextMenuBroadcast		True
ContextMenuCanvas		True
ContextMenuCanvasClassic		True
ContextMenuChartArea		True
ContextMenuChartAxis		True
ContextMenuChartAxisTitle		True
ContextMenuChartBackWall		True
ContextMenuChartDataLabel		True
ContextMenuChartDataLabels		True
ContextMenuChartDataPoint		True
ContextMenuChartDataSeries		True
ContextMenuChartDataTable		True
ContextMenuChartDisplayUnit		True
ContextMenuChartDownBars		True
ContextMenuChartDropLines		True
ContextMenuChartErrorBars		True
ContextMenuChartFloor		True
ContextMenuChartGridlines		True
ContextMenuChartHighLowLine		True
ContextMenuChartLeaderLines		True
ContextMenuChartLegend		True
ContextMenuChartLegendEntry		True
ContextMenuChartParetoLine		True
ContextMenuChartPlotArea		True
ContextMenuChartSeriesLine		True
ContextMenuChartSideWall		True
ContextMenuChartTitle		True
ContextMenuChartTrendline		True
ContextMenuChartTrendlineLabel		True
ContextMenuChartUpBars		True
ContextMenuChartWalls		True
ContextMenuCoAuthoringState		True
ContextMenuComment		True
ContextMenuConflicts		True
ContextMenuConnectorClassic		True
ContextMenuCurve		True
ContextMenuCurveNode		True
ContextMenuCurveSegment		True
ContextMenuDiagram		True
ContextMenuDocumentStructureNode		True
ContextMenuDrawnObject		True
ContextMenuDropCap		True
ContextMenuEndnote		True
ContextMenuEquation		True
ContextMenuField		True
ContextMenuFieldAutoSignatureList		True
ContextMenuFieldAutoTextList		True
ContextMenuFieldDisplay		True
ContextMenuFieldDisplayListNumbers		True
ContextMenuFieldForm		True
ContextMenuFloatingPicture		True
ContextMenuFooterArea		True
ContextMenuFootnote		True
ContextMenuFrame		True
ContextMenuFramesetBorder		True
ContextMenuGrammar		True
ContextMenuGrammarReading		True
ContextMenuGraphic		True
ContextMenuGreetingLine		True
ContextMenuHeaderArea		True
ContextMenuHeading		True
ContextMenuHeadingLinked		True
ContextMenuHeadingTable		True
ContextMenuHyperlink		True
ContextMenuInk		True
ContextMenuInkComment		True
ContextMenuInlineActiveXControl		True
ContextMenuInlineBusinessCard		True
ContextMenuInlinePicture		True
ContextMenuList		True
ContextMenuListTable		True
ContextMenuLockedReadingMode		True
ContextMenuMailMergeBarcode		True
ContextMenuNavigationPane		True
ContextMenuObjectEditPoint		True
ContextMenuObjectEditSegment		True
ContextMenuObjectsGroup		True
ContextMenuOfficePreviewHandlerWord		True
ContextMenuOleObject		True
ContextMenuOrganizationChart		True
ContextMenuPageNumberingOptions		True
ContextMenuPicture		True
ContextMenuPictureTable		True
ContextMenuReadOnlyMailHyperlink		True
ContextMenuReadOnlyMailList		True
ContextMenuReadOnlyMailListTable		True
ContextMenuReadOnlyMailPictureTable		True
ContextMenuReadOnlyMailTable		True
ContextMenuReadOnlyMailTableCell		True
ContextMenuReadOnlyMailTableWhole		True
ContextMenuReadOnlyMailText		True
ContextMenuReadOnlyMailTextTable		True
ContextMenuRevision		True
ContextMenuRichTextFont		True
ContextMenuRichTextFontParagraph		True
ContextMenuScriptAnchor		True
ContextMenuShape		True
ContextMenuShapeConnector		True
ContextMenuShapeFreeform		True
ContextMenuSmartArtBackground		True
ContextMenuSmartArtContentPane		True
ContextMenuSmartArtEdit1DShape		True
ContextMenuSmartArtEdit1DShapeText		True
ContextMenuSmartArtEditSmartArt		True
ContextMenuSmartArtEditText		True
ContextMenuSpell		True
ContextMenuTable		True
ContextMenuTableCell		True
ContextMenuTableWhole		True
ContextMenuTableWholeLinked		True
ContextMenuText		True
ContextMenuTextEdit		True
ContextMenuTextEffect		True
ContextMenuTextLinked		True
ContextMenuTextTable		True
ContextMenuXmlError		True
ContrastLess	Less Contrast	False
ContrastMore	More Contrast	False
ControlProperties	Properties	False
ControlRun	Control Run	True
ControlsGalleryClassic	Legacy Tools	True
ConvertTableToText	Convert to Text...	False
ConvertTextToTable	Convert Text to Table...	False
Copilot		
CopilotMenu	Copilot Menu	True
Copy	Copy	False
CopyAsPicture	Copy as Picture...	False
CopyPasteSettings	Copy & paste settings...	True
CopyText	Copy Text	False
CornerVertex	Corner Point	False
CoverPageInsertGallery	Cover Page	True
CoverPageRemove	Remove Current Cover Page	True
CreateDirectoryClassic	Tools Create Directory	True
CrossReferenceInsert	Cross-reference...	True
CssLinksEdit	Edit CSS Links	True
CurrentEraser		
CustomAutoTextGallery	Custom AutoText	True
CustomBibliographyGallery	Custom Bibliography	True
CustomCoverPageGallery	Custom Cover Page	True
CustomEquationsGallery	Custom Equation	True
CustomFooterGallery	Custom Footer	True
CustomGallery1	Custom Gallery 1	True
CustomGallery2	Custom Gallery 2	True
CustomGallery3	Custom Gallery 3	True
CustomGallery4	Custom Gallery 4	True
CustomGallery5	Custom Gallery 5	True
CustomHeaderGallery	Custom Header	True
CustomPageMargins	Custom Page Margins	True
CustomPageNumberBottomGallery	Custom Bottom of Page	True
CustomPageNumberGallery	Custom Page Number	True
CustomPageNumberTopGallery	Custom Top of Page	True
CustomQuickPartsGallery	Custom Quick Parts	True
CustomTableOfContentsGallery	Custom Table of Contents	True
CustomTablesGallery	Custom Tables	True
CustomTextBoxGallery	Custom Text Box	True
CustomWatermarkGallery	Custom Watermark	True
Cut	Cut	False
DarkModeOn	Switch Modes	True
DataFormAddRecord	Add	True
DataFormDeleteRecord	Delete	True
DataFormSource	Data Form	False
DataFormWord	Data Form	True
DatabaseInsert	Insert Database	True
DateAndTimeInsert	Date & Time...	True
DefineNewNumberFormat	Define New Number Format...	True
Definition		
DeleteAllResolvedComments	Delete All Resolved Comments	False
DeleteNode	Delete Point	True
DeleteSegment	Delete Segment	False
DeleteStyle	Delete Style	True
DeleteWord	Delete Word	True
DeleteWordBack	Delete Back Word	True
DesignMode	Design Mode	True
DiagramAutoFormatClassic	Use AutoFormat	False
DiagramAutoLayoutClassic	AutoLayout	False
DiagramChangeToCycleClassic	Cycle	False
DiagramChangeToMenuClassic	Change To	False
DiagramChangeToPyramidClassic	Pyramid	False
DiagramChangeToRadialClassic	Radial	False
DiagramChangeToTargetClassic	Target	False
DiagramChangeToVennDiagramClassic	Venn	False
DiagramCycleInsertClassic	Cycle Diagram	True
DiagramExpandClassic	Expand	False
DiagramFitToContentsClassic	Fit to Contents	False
DiagramPyramidInsertClassic	Pyramid Diagram	True
DiagramRadialInsertClassic	Radial Diagram	True
DiagramResizeClassic	Resize	False
DiagramReverseClassic	Reverse	False
DiagramShapeInsertClassic	Insert Shape	False
DiagramShapeMoveBackwardClassic	Move Shape Backward	False
DiagramShapeMoveForwardClassic	Move Shape Forward	False
DiagramStylesClassic	Diagram Styles...	False
DiagramTargetInsertClassic	Target Diagram	True
DiagramVennDiagramInsertClassic	Venn Diagram	True
DiagrammingOnline	Ink to Shape	False
Dictate	Dictate	True
DictateInMenu	Dictate	True
DictationMenu	Dictation Menu	True
Dictionary	Dictionary	False
DigitalPrint		
DocInfoAuthor	Author	True
DocInfoDocTitle	Document Title	True
DocInfoFileName	File Name	True
DocInfoFilePath	File Path	True
DocuemntVersionHistory		
DocumentInfo	Document Info	True
DocumentInformationShowHide	Properties	True
DocumentLocation	Address:	True
DocumentMapReadingView	Navigation Pane	True
DocumentTemplate	Document Template	True
DocumentUpdatePane	Show Document Update Pane	False
DoubleStrikethrough	Double Strikethrough	True
DraftViewClassic	View Draft	True
DrawInkMode	Draw	False
Drawing1ColorPickerFill	Shape Fill	False
Drawing1ColorPickerFillWordArt	Shape Fill	False
Drawing1ColorPickerLineStyles	Picture Border	False
Drawing1ColorPickerLineStylesWordArt	Picture Border	False
Drawing1GalleryBrightness	Brightness	False
Drawing1GalleryContrast	Contrast	False
Drawing1GalleryTextures	Texture	False
DrawingCanvasExpand	Expand	False
DrawingCanvasFit	Fit	False
DrawingCanvasInsert	New Drawing Canvas	True
DrawingCanvasResize	Resize	False
DrawingCanvasScale	Scale Drawing	False
DrawingInsert	Insert Drawing	True
DrawingNewClassic	New Drawing	False
DrawingObjectFormatDialog	Advanced Tools...	False
DrawingSelectNext	Draw Select Next	False
DrawingSelectPrevious	Draw Select Previous	False
DrawingUnselect	Draw Unselect	False
DropCapInsertGallery	Drop Cap	False
DropCapOptionsDialog	Drop Cap Options...	False
EastAsianEditingMarks	Show/Hide Editing Marks	True
EditDocument	Edit Document	True
EditField	Edit Field...	True
EmailOptions	E-mail Options...	True
EnableBackgroundProofing	Enable Background Proofing	True
EndOfColumn	End Of Column	False
EndOfDocument	End of Document	True
EndOfDocumentExtend	End Of Doc Extend	True
EndOfLine	End of Line	True
EndOfLineExtend	End Of Line Extend	True
EndOfRow	End Of Row	False
EndOfWindowExtend	End Of Window Extend	True
EndnoteContinuationNotice	View Endnote Cont Notice	False
EndnoteContinuationSeparator	View Endnote Cont Separator	False
EndnoteInsertWord	Insert Endnote	True
EndnoteNextWord	Next Endnote	True
EndnoteOrFootnoteConvert	Convert Endnote/Footnote	False
EndnotePreviousWord	Previous Endnote	True
EndnoteSeparator	View Endnote Separator	False
EndnotesConvertAll	Edit Convert All Endnotes	False
EnglishWritingAssistant	English Assistance	False
EnvelopeChineseDialog	Chinese Envelope...	False
EnvelopesAndLabels	Envelope & Label Wizard	True
EnvelopesAndLabelsDialog	Envelopes...	True
EquationAccentGallery	Accent	True
EquationConvert	Convert	True
EquationConvertSplitButton	Convert	True
EquationDelimiterGallery	Bracket	True
EquationFractionGallery	Fraction	True
EquationFunctionGallery	Function	True
EquationInsertGallery	Equation	True
EquationInsertNew	Insert New Equation	True
EquationIntegralGallery	Integral	True
EquationLaTexFormat	LaTeX	True
EquationLargeOperatorGallery	Large Operator	True
EquationLimitGallery	Limit and Log	True
EquationLinearAll	All - Linear	True
EquationLinearOne	Current - Linear	False
EquationMatrixGallery	Matrix	True
EquationNormalText	Normal Text	False
EquationOperatorGallery	Operator	True
EquationOptions	Equation Options...	True
EquationOptionsGallery	Math Options	False
EquationProfessionalAll	All - Professional	True
EquationProfessionalOne	Current - Professional	False
EquationRadicalGallery	Radical	True
EquationScriptGallery	Script	True
EquationSymbolsInsertGallery	Equation Symbols	True
EquationUnicodeFormat	Unicode	True
ExchangeFolder	Exchange Folder...	True
ExitEditCurve	Exit Edit Point	False
ExpandAllHeadings	Expand All Headings	True
ExpandCollapse	Expand/Collapse	True
ExpandHeading	Expand Heading	False
ExtendSelection	Extend Selection	True
ExtendSelectionLeft	Sent Left	True
ExtendSelectionLeftSentence	Sent Left Extend	True
ExtendSelectionRight	Sent Right	True
ExtendSelectionRightSentence	Sent Right Extend	True
ExtensibilityExperimentation		
FieldCharactersInsert	Insert Field Chars	True
FieldClick	Do Field Click	True
FieldCodes	View Field Codes	True
FieldCodesToggle	Toggle Field Codes	True
FieldInsert	Field...	True
FieldNext	Next Field	True
FieldPrevious	Previous Field	True
FieldShading	Show Field Shading	True
FieldsLock	Lock Fields	True
FieldsManage	Manage	True
FieldsUnlink	Unlink Fields	True
FieldsUnlock	Unlock Fields	True
FieldsUpdate	Update	True
FifthCorrectionAlternative	(No Suggestion)	False
FileAddDigitalSignature	Add a Digital Signature	True
FileCheckIn	Check In	False
FileCheckOut	Check Out	False
FileCheckOutDiscard	Discard Check Out	False
FileClose	Close	True
FileCloseAll	Close All	True
FileCloseOrCloseAll	Close	True
FileCloseOrExit	Close or Exit	True
FileCompatibilityCheckerWord	Check Compatibility	True
FileConfirmConversions	File Confirm Conversions	True
FileCreateDocumentWorkspace	Create Document Workspace	False
FileDiscardCachedChanges	Discard Changes	True
FileDocumentEncrypt	Encrypt Document	True
FileDocumentInspect	Inspect Document	True
FileDocumentManagementInformation	Document Management Information	False
FileEmailAsPdfEmailAttachment	E-mail as PDF Attachment	True
FileEmailAsXpsEmailAttachment	E-mail as XPS Attachment	True
FileExit	Exit	True
FileFind	Find File...	True
FileInternetFax	Internet Fax	True
FileLinksToFiles	Edit Links to Files	False
FileLocations	Tools Options File Locations	True
FileMarkAsFinal	Mark as Final	True
FileMarkAsReadOnlyRecommended	Always Open Read-Only	True
FileNew	New	True
FileNewBlankDocument	New Blank Document	True
FileNewBlogPost	Blog	False
FileNewDefault	New	True
FileNewDialogClassic	New Document or Template...	True
FileNewWebPage	New Web Page	True
FileOpen	Open	True
FileOpenRecentFile	Open Recent File...	True
FileOpenUsingBackstage	Open	True
FilePermission	Permission	True
FilePermissionDoNotDistribute	Restricted Access	True
FilePermissionRestrictAs	Manage Credentials	True
FilePermissionRestrictMenu	Restrict Permission	True
FilePermissionUnrestricted	Unrestricted Access	True
FilePermissionView	View Permission	True
FilePrepareMenu	Prepare	True
FilePrint	Print	True
FilePrintCustomRange		
FilePrintMenu	Preview and Print	True
FilePrintPreview	Print Preview	True
FilePrintQuick	Quick Print	True
FileProperties	Properties	True
FileSave	Save	True
FileSaveACopy	Save a Copy	True
FileSaveAs	Save As	True
FileSaveAsHtml	Save as HTML...	False
FileSaveAsMenu	Save As Other Format	True
FileSaveAsOtherFormats	Save as Another File Type	True
FileSaveAsPdfOrXps	Publish as PDF or XPS	True
FileSaveAsWebPage	Single Web Page (*.mht)	True
FileSaveAsWord97_2003	Word 97-2003 Document	True
FileSaveAsWordDocx	Document	True
FileSaveAsWordDotx	Template	True
FileSaveAsWordOpenDocumentText	OpenDocument Text	True
FileSaveToDocumentManagementServer	Document Management Server	True
FileSendAsAttachment	Email	True
FileSendMenu	Send	True
FileSendToPowerPoint	Send to Microsoft PowerPoint	True
FileServerTasksMenu	Server	False
FileStartWorkflow	Workflows	False
FileTypeChange		
FileTypes		
FileVersionHistoryWord	View Version History	True
FileViewDigitalSignatures	View Signatures	True
FileWorkflowTasks	View Workflow Tasks	False
FindDialog	Find...	True
FindNext	Find Next	True
FindPopup		
FingerPaintingMode	Draw with Touch	False
FirstCorrectionAlternative	(No Suggestion)	False
FixItHub		
FixObjectPositionOnPage	Fix Position on Page	False
FlyoutAnchorInsertPictures	Pictures	True
Font	Font:	True
FontColorMoreColorsDialog	More Colors...	True
FontColorPicker	Font Color	True
FontDialog	Font...	True
FontPositionNormal	Normal Font Position	True
FontSize	Font Size:	True
FontSizeDecrease1Point	Shrink Font 1 Pt	True
FontSizeDecreaseWord	Shrink Font	True
FontSizeIncrease1Point	Grow Font 1 Pt	True
FontSizeIncreaseWord	Grow Font	True
FontSpacingNormal	Normal Font Spacing	True
FontSubstitution	Font Substitution	True
FooterInsertGallery	Footer	True
FootnoteContinuationNotice	View Footnote Cont Notice	False
FootnoteContinuationSeparator	View Footnote Cont Separator	False
FootnoteEndnoteDialog	Footnote and Endnote Dialog...	True
FootnoteEndnoteOptions	Footnote/Endnote Options	True
FootnoteInsert	Insert Footnote	True
FootnoteNext	Next Footnote	True
FootnoteNextWord	Next Footnote	True
FootnotePreviousWord	Previous Footnote	True
FootnoteSeparatorReset	Reset	False
FootnoteSeparatorWord	View Footnote Separator	False
FootnotesConvertAll	Edit Convert All Footnotes	False
FootnotesEndnotesShow	Show Notes	False
FormControlCheckBox	Check Box	True
FormControlComboBox	Combo Box	True
FormControlEditBox	Edit Box	True
FormField	Form Field...	True
FormFieldClear	Clear Form Field	True
FormFieldProperties	Properties	False
FormFieldReset	Reset Form Fields	True
FormatBackgroundDropdown	Format Background	True
FormatDialog3DModel	Format 3D Model...	False
FormatNumberDefault	Format Number Default	True
FormatObjectDialogClassic	AutoShape...	True
FormatPainter	Format Painter	True
FormatSectionLayout	Format Section Layout	True
Forward	Forward	False
FourthCorrectionAlternative	(No Suggestion)	False
FrameCreateAbove	New Frame Above	True
FrameCreateBelow	New Frame Below	True
FrameCreateLeft	New Frame Left	True
FrameCreateRight	New Frame Right	True
FrameDelete	Delete Frame	False
FrameDialog	Frame...	False
FrameInsertHorizontal	Horizontal Frame	True
FrameInsertOrFormat	Insert Frame	True
FramePropertiesDialog	Frame Properties...	False
FrameSaveCurrentAs	Save Current Frame As...	False
FramesNewFramesPageWizard	New Frames Page	True
FramesRemove	Remove Frames	True
FramesetMenu	Frames	True
FullScreenViewClassic	Full Screen	False
Gallery3DModelViewPresets	Views	False
GalleryAllShapesAndCanvas	Shapes	True
GallerySketchyShapes	Sketched	False
GenerateAutoAltText	Suggest a description for me	False
GlowColorMoreColorsDialog	More Colors...	False
GlowColorPicker	More Glow Colors	False
GlowsMoreOptions	Glow Options...	False
GoTo	Go To...	True
GoToAnnotationScope	Goto Annotation Scope	False
GoToEndOfWindow	End of Window	True
GoToEndnote	Go to Endnote	False
GoToFooter	Go to Footer	True
GoToFootnote	Go to Footnote	False
GoToHeader	Go to Header	False
GoToNextPage	Go To Next Page	True
GoToNextSection	Go To Next Section	True
GoToPreviousPage	Go To Previous Page	True
GoToPreviousSection	Go To Previous Section	True
GoToStartOfWindow	Start of Window	True
GoToTableOfContents	Go to TOC	True
GradientGallery	Gradient	False
Grammar	Grammar...	True
GrammarHideErrors	Hide Grammar Errors	True
GrammarSettingsDialog	Tools Gram Settings	False
GraphicChangeMenu	Change Graphic	False
GraphicsColorPicker	Graphics Fill	False
GraphicsEffectsMenu	Graphics Effects	False
GraphicsFormatDialog	Format Graphic...	False
GraphicsOutlineColorPicker	Graphics Outline	False
GraphicsStylesGallery	Graphics Styles	False
GridSettings	Grid Settings...	True
Group3DEffects	3-D Effects	
Group3DModelPlay	Play 3D	
Group3DModelSize	Size	
Group3DModelStyles	3D Model Views	
GroupAIAssistance	Assistance	
GroupAIDemo		
GroupARMPreview		
GroupAboutOfficeProducts		
GroupAccessibility	Accessibility	
GroupAcronyms		
GroupActivation		
GroupAddInsCustomToolbars	Custom Toolbars	
GroupAddInsMenuCommands	Menu Commands	
GroupAddInsToolbarCommands	Toolbar Commands	
GroupAddLocation		
GroupAddLocationLocal		
GroupAddins	Add-ins	
GroupAdjust3DModel	Adjust	
GroupAgreements		
GroupAllAuthors		
GroupAltText	Accessibility	
GroupArrange	Arrange	
GroupArrangeWith3DEditor	Arrange	
GroupBackgroundRemovalClose	Close	
GroupBackgroundRemovalMode	Refine	
GroupBackstageIdentity		
GroupBackstagePrivacy		
GroupBackstageSignIn		
GroupBackstageSignInDisabled		
GroupBlogBasicText	Basic Text	
GroupBlogInsertLinks	Links	
GroupBlogInsertText	Text	
GroupBlogProofing	Proofing	
GroupBlogPublish	Blog	
GroupBlogStyles	Styles	
GroupBlogSymbols	Symbols	
GroupBorder	Border	
GroupBroadcast		
GroupBroadcastBroadcast	Present Online	
GroupBroadcastResumeWarning		
GroupBroadcastTools	Tools	
GroupCachedOfflineMergeable		
GroupCaptions	Captions	
GroupChanges		
GroupChangesTracking	Tracking	
GroupChartAnalysis	Analysis	
GroupChartAxes	Axes	
GroupChartBackground	Background	
GroupChartCurrentSelection	Current Selection	
GroupChartData	Data	
GroupChartLabels	Labels	
GroupChartLayouts	Chart Layouts	
GroupChartShapeStyles	Shape Styles	
GroupChartShapes	Insert	
GroupChartStyles	Chart Styles	
GroupChartType	Type	
GroupCheckIn		
GroupChineseTranslation	Chinese Conversion	
GroupCitationsAndBibliography	Citations & Bibliography	
GroupClassifyLabelProtect	Sensitivity	
GroupClickToRunUpdateStatus		
GroupClipboard	Clipboard	
GroupCloudGettingStartedOpenMRUPlacesOrNavSlab		
GroupCode	Code	
GroupCollaborate		
GroupComments	Comments	
GroupCompare	Compare	
GroupConflicts	Conflicting Changes	
GroupConflictsClose	Close	
GroupControls	Controls	
GroupConversions	Conversions	
GroupCreatePdfOrXpsDocument		
GroupCreatePdfOrXpsDocumentSlab		
GroupDiagramArrangeClassic	Arrange	
GroupDiagramLayoutClassic	Layout	
GroupDiagramStylesClassic	Styles	
GroupDocumentProperties		
GroupDocumentViews	Views	
GroupDrawWithTouch	Touch	
GroupDrawingTools	Drawing Tools	
GroupDynamicSaveCloudServiceProvider		
GroupDynamicSaveLocalServiceProvider		
GroupDynamicSavePinnableCloudServiceProvider		
GroupDynamicServiceProvider		
GroupEditing	Editing	
GroupEditingExcel	Editing	
GroupEditor	Editor	
GroupEnvelopeLabelCreate	Create	
GroupEquationStructures	Structures	
GroupEquationSymbols	Symbols	
GroupEquationTools	Tools	
GroupFileConvert		
GroupFileSave		
GroupFont	Font	
GroupFootnotes	Footnotes	
GroupGettingStartedOpenMRUPlacesOrNavSlab		
GroupGettingStartedSaveAsMRUCloudPlacesOrNavSlab		
GroupGettingStartedSaveAsMRULocalPlacesOrNavSlab		
GroupGettingStartedSaveAsMRUPlacesOrNavSlab		
GroupGraphicsSize	Size	
GroupGraphicsStyles	Graphics Styles	
GroupHeaderFooter	Header & Footer	
GroupHeaderFooterClose	Close	
GroupHeaderFooterInsert	Insert	
GroupHeaderFooterNavigation	Navigation	
GroupHeaderFooterOptions	Options	
GroupHeaderFooterPosition	Position	
GroupHelpAndSupport	Help	
GroupIcons	Change	
GroupImagePlay	Play GIF	
GroupIndex	Index	
GroupInk	Ink	
GroupInkClose	Close	
GroupInkConvertOneNote	Convert	
GroupInkFormat	Format	
GroupInkPens	Pens	
GroupInkSelect	Select	
GroupInputMode	Input Mode	
GroupInsertBarcode	Barcode	
GroupInsertComments	Comments	
GroupInsertDrawingCanvas	Insert	
GroupInsertIllustrations	Illustrations	
GroupInsertLinks	Links	
GroupInsertPages	Pages	
GroupInsertSymbols	Symbols	
GroupInsertTables	Tables	
GroupInsertText	Text	
GroupLanguage	Language	
GroupLocalGettingStartedOpenMRUPlacesOrNavSlab		
GroupMacros	Macros	
GroupMailMergeFinish	Finish	
GroupMailMergePreviewResults	Preview Results	
GroupMailMergeStart	Start Mail Merge	
GroupMailMergeWriteInsertFields	Write & Insert Fields	
GroupMasterDocument	Master Document	
GroupMedia	Media	
GroupModernOpenPlaces		
GroupModes	Immersive	
GroupNightMode	Dark Mode	
GroupOfficeBranding		
GroupOfficeExtension	Add-ins	
GroupOfficeExtensionsAddinFlyout	Add-ins	
GroupOfficeInsider	Microsoft 365 Insider	True
GroupOfficeInsiderAbout		
GroupOfficeInsiderChannel		
GroupOfficeInsiderHelp		
GroupOfficeInsiderRegistration		
GroupOfficeSendFrown		
GroupOfficeSendSmile		
GroupOfficeSendSuggestion		
GroupOfficeStart		
GroupOpenPlaces		
GroupOrganizationChartLayoutClassic	Layout	
GroupOrganizationChartSelect	Select	
GroupOrganizationChartShapeInsert	Insert	
GroupOrganizationChartStyleClassic	Styles	
GroupOutliningClose	Close	
GroupOutliningTools	Outline Tools	
GroupPageBackground	Page Background	
GroupPageLayoutSetup	Page Setup	
GroupPageMovement	Page Movement	
GroupParagraph	Paragraph	
GroupParagraphLayout	Paragraph	
GroupPenAndInkHelp	Help	
GroupPens	Pens	
GroupPens2	Pens	
GroupPensOneNote		
GroupPensWrite	Write	
GroupPermissions		
GroupPictureSize	Size	
GroupPictureSizeClassic	Size	
GroupPictureStyles	Picture Styles	
GroupPictureTools	Adjust	
GroupPictureToolsClassic	Adjust	
GroupPinnableCloudSaveAsAccessibility		
GroupPinnableGettingStartedSaveAsMRUCloudPlacesOrNav		
GroupPrepareForSharing		
GroupPrintPreview		
GroupPrintPreviewPageSetup	Page Setup	
GroupPrintPreviewPreview	Preview	
GroupPrintPreviewPrint	Print	
GroupPrintProtectedView		
GroupPrintSettings		
GroupProofing	Proofing	
GroupProtect	Protect	
GroupProtectedView		
GroupReadOnly		
GroupReadOnlyCached		
GroupReadOnlyCachedMergeable		
GroupReadOnlyCheckOutRequired		
GroupReadOnlyOffline		
GroupReadOnlyServer		
GroupRecentCloudPlaces		
GroupRecentDocuments		
GroupRecentDocumentsNew		
GroupRecentLocalPlaces		
GroupRecentPinnableCloudPlaces		
GroupRecentPlaces		
GroupRecoverUnsavedFiles		
GroupResearch		
GroupSecurityInformation		
GroupSecurityWarning		
GroupSendAsAttachment		
GroupSendAsInternetFax		
GroupSendAsLink		
GroupSendAsPdf		
GroupSendAsXps		
GroupSendByInstantMessage		
GroupSendToBlog		
GroupSendUsingEmail		
GroupShadowEffects	Shadow Effects	
GroupShapeStyles	Shape Styles	
GroupShapeStylesClassic	Shape Styles	
GroupShapes	Insert Shapes	
GroupShapesChart	Insert Shapes	
GroupShapesClassic	Insert Shapes	
GroupShare		
GroupSharePointProperties	SharePoint	
GroupSharedWithMeDocuments		
GroupSharedWithMeDocumentsNew		
GroupSignatures		
GroupSize	Size	
GroupSizeClassic	Size	
GroupSmartArtCreateGraphic	Create Graphic	
GroupSmartArtLayouts	Layouts	
GroupSmartArtQuickStyles	SmartArt Styles	
GroupSmartArtReset	Reset	
GroupSmartArtShapes	Shapes	
GroupSmartArtSize	Size	
GroupSpeech	Speech	
GroupStencils	Stencils	
GroupStyleSet	Document Formatting	
GroupStyles	Styles	
GroupTable	Table	
GroupTableAlignment	Alignment	
GroupTableBorders	Borders	
GroupTableCellSize	Cell Size	
GroupTableData	Data	
GroupTableDraw	Draw	
GroupTableLayout	Table Style Options	
GroupTableMerge	Merge	
GroupTableOfAuthorities	Table of Authorities	
GroupTableOfContents	Table of Contents	
GroupTableRowsAndColumns	Rows & Columns	
GroupTableStylesWord	Table Styles	
GroupTemplates	Templates	
GroupTextBoxArrange	Arrange	
GroupTextBoxStyles	Text Box Styles	
GroupTextBoxText	Text	
GroupTextbox	Text	
GroupThemesWord	Themes	
GroupThumbnail		
GroupUpdateChannel		
GroupUpdatesAvailable		
GroupUploadErrors		
GroupVersions		
GroupViewShowHide	Show	
GroupVoiceTools	Voice	
GroupWhatsNewInOfficeProducts		
GroupWindow	Window	
GroupWordArtStyles	WordArt Styles	
GroupWordArtStylesClassic	WordArt Styles	
GroupWordArtText	Text	
GroupWorkflowStart		
GroupWorkflows		
GroupWorkflowsUnavailable		
GroupWrite		
GroupXml	XML	
GroupXmlMappingPane	Mapping	
GroupZoom	Zoom	
GrupPolicyWarning		
HangingIndent	Hanging Indent	True
HangulHanjaConversion	Hangul Hanja Conversion...	True
HeaderAndFooterMenuAnchor		
HeaderFooterClose	Close Header and Footer	False
HeaderFooterDifferentFirstPageWord	Different First Page	True
HeaderFooterDifferentOddEvenPageWord	Different Odd & Even Pages	True
HeaderFooterEditFooter	Edit Footer	True
HeaderFooterEditHeader	Edit Header	True
HeaderFooterLinkToPrevious	Link to Previous	False
HeaderFooterNextSection	Next	False
HeaderFooterPageNumberInsert	Page Number	True
HeaderFooterPositionFooterFromBottom	Footer from Bottom:	True
HeaderFooterPositionHeaderFromTop	Header from Top:	True
HeaderFooterPreviousSection	Previous	False
HeaderFooterRemoveFooterWord	Remove Footer	True
HeaderFooterRemoveHeaderWord	Remove Header	True
HeaderFooterShowDocumentText	Show Document Text	False
HeaderInsertGallery	Header	True
HeaderOrFooterShow	Show Header/Footer	False
HeaderSourceEdit	Edit Header Source	False
Heading1Apply	Apply Heading 1	True
Heading2Apply	Apply Heading 2	True
Heading3Apply	Apply Heading 3	True
HeadingNumbers	Heading Numbers	True
Help	Help	True
HelpTab	Help	
HideInk	Hide Ink	True
HideInkSplitButton	Hide Ink Menu	True
HideRibbon	Hide the Ribbon	True
HideText	Hidden	True
HighlightingStop	Stop Highlighting	False
HistoryTab		
HomePageSlabCreateNew		
HomePlaceRecommendedDocuments		
HorizontalLineInsert	Horizontal Line	True
HorizontalLineInsertClassic	Horizontal Line...	True
HyperlinkCopy	Copy Link	False
HyperlinkEdit	Edit Link	False
HyperlinkInsert	Link	True
HyperlinkOpen	Open Link	False
HyperlinkOpenDefaultSettingMenu	Set open default	False
HyperlinkOpenInMenu	Open with	False
HyperlinkOpenInNative	Desktop	False
HyperlinkOpenInWeb	Browser	False
HyperlinkRemove	Remove Link	False
HyperlinkSelect	Select Hyperlink	False
HyphenationAutomatic	Automatic	True
HyphenationManual	Manual	True
HyphenationMenu	Hyphenation	True
HyphenationNone	None	True
HyphenationOptions	Hyphenation Options...	True
IconInsertFromFile	Icons	True
ImagePlay	Play	False
ImeDictionaryUpdate	Update IME Dictionary...	False
ImeReconvert	Reconvert	False
ImmersiveZoom	Zoom Object	False
IndentClassic	Increase Indent	True
IndentDecrease	Decrease Indent	False
IndentDecreaseWord	Decrease Indent	True
IndentIncrease	Increase Indent	False
IndentIncreaseWord	Increase Indent	True
IndentLabel	Indent	True
IndexAndTables	Index and Tables	True
IndexInsert	Insert Index...	True
IndexMarkEntry	Mark Entry...	True
IndexUpdate	Update Index	False
InkBallpointPen	Pen	False
InkColorMoreColorsDialog	More Ink Colors...	False
InkColorPicker	Color	False
InkColorPicker2	Color	False
InkCopyAsText	Copy Ink As Text	False
InkDeleteAll	Delete All Ink	False
InkDeleteAllInk	Delete All Ink	True
InkDrawingAndWriting	Ink Drawing and Writing	False
InkEditor	Ink Editor	False
InkEditorEnable	Enable Ink Editor	False
InkEditorGallery	Ink Options	False
InkEditorInkGestureHelp	Ink Gesture Help	False
InkEditorSplitButton	Ink Editor Menu	False
InkEquation	Ink Equation	True
InkEraser	Stroke Eraser	False
InkEraserMenu		
InkFeltTipPen	Felt Tip Pen	False
InkHighlighter	Highlighter	False
InkReplay	Replay	
InkSelect		
InkStopInkingReadingView	Stop Inking	False
InkToTextAnalysis	Ink to Text	True
InkToolbox		
InkToolboxWithEraserAndLasso	Drawing Tools	False
InkToolsClose	Close Ink Tools	True
InkingStart	Start Inking	False
Insert3DModelDefault	3D Models	True
Insert3DModelDropdown	3D Models	True
Insert3DModelFallback	3D Models	True
Insert3DModelFromFile	This Device...	True
Insert3DModelFromFileConsumer		
Insert3DModelFromOnline	Stock 3D Models...	True
Insert3DModelFromOnlineConsumer		
InsertAlignmentTab	Insert Alignment Tab	True
InsertBuildingBlocksEquationsGallery	Equation	True
InsertCaptionNumbering	Insert Caption Numbering	True
InsertEmSpace	Insert Em Space	True
InsertEnSpace	Insert En Space	True
InsertInkDrawingCanvas	Drawing Canvas	True
InsertLinkGallery	Link	True
InsertM365Picture	Stock Images...	True
InsertMobilePicture		
InsertNewComment	Comment	True
InsertNumberAlternate	Number...	True
InsertPictureFlyoutAnchor		
Insights		
InsightsInDocSearch		
Italic	Italic	True
ItalicRun	Italic Run	True
JapaneseGreetingsInsertMenu	Japanese Greetings	True
JapanesePostcardCreateAddressSide	Create Address Side	False
JapanesePostcardCreateLetterSide	Create Design Side	False
JapanesePostcardDialog	Japanese Postcard...	True
JapanesePostcardMenu	Japanese Postcard	False
JumpBetweenCommentCardAndAnchor	Go to Comment	False
KeepBackgroundRemoval	Keep Changes	False
KeyboardCustomization	Customize Keyboard...	True
KeyboardCustomizationWord	Tools Customize Keyboard Shortcut	True
LabelInsert	Label	True
LabelOptions	Label Options...	False
LabelsDialog	Labels...	True
LanguageCommands	Language	True
LanguagePreferences	Language Preferences...	True
LassoSelect		
LayoutOptionsDialog	More Layout Options...	False
LayoutOptionsDialogPosition	More Layout Options...	False
LayoutOptionsDialogSize	Size and Position...	False
LayoutOptionsDialogWrapping	More Layout Options...	False
LearningToolsPageColorMoreColors	More Colors...	False
LearningToolsSyllables	Syllables	False
LearningToolsTextSpacing	Text Spacing	False
LearningToolsWebViewColumnWidthMedium	Narrow	True
LearningToolsWebViewColumnWidthMenu	Column Width	False
LearningToolsWebViewColumnWidthNarrow	Very Narrow	True
LearningToolsWebViewColumnWidthNone	Wide	True
LearningToolsWebViewColumnWidthStandard	Moderate	True
LearningToolsWebViewPageColorInverse	Inverse	True
LearningToolsWebViewPageColorMenu	Page Color	False
LearningToolsWebViewPageColorNone	None	True
LearningToolsWebViewPageColorSepia	Sepia	True
LeaveReader	Enable Editing	False
LeftToRightRun	Ltr Run	True
LigatureGalleryWord	Ligatures	True
LineDown	Line Down	True
LineDownExtend	Line Down Extend	True
LineFocusFiveLines	Five Lines	True
LineFocusMenu	Line Focus	False
LineFocusNone	None	True
LineFocusOneLine	One Line	True
LineFocusThreeLines	Three Lines	True
LineNumbersContinuous	Continuous	True
LineNumbersMenu	Line Numbers	True
LineNumbersOff	None	True
LineNumbersOptionsDialog	Line Numbering Options...	True
LineNumbersResetPage	Restart Each Page	True
LineNumbersResetSection	Restart Each Section	True
LineNumbersSuppress	Suppress for Current Paragraph	True
LineSpacingGallery	Line and Paragraph Spacing	True
LineSpacingMenu	Line spacing	True
LineStylesDialog	More Lines...	False
LineThickness	Thickness	False
LineThickness2	Thickness	False
LineUp	Line Up	True
LineUpExtend	Line Up Extend	True
LinkToPreviousClassic	Link to Previous	False
ListBulletApply	Apply List Bullet	True
ListCommands	List Commands	True
ListDefineNew	Define New Multilevel List...	True
ListDefineNewStyle	Define New List Style...	True
ListDemote	Demote List	False
ListIndentsAdjust	Adjust List Indents...	False
ListLevelGallery	Change List Level	False
ListNumFieldInsert	Insert ListNum Field	True
ListPromote	Promote List	False
ListSetNumberingValue	Set Numbering Value...	False
LoadingCloudServicesGroup		
LoadingServicesGroup		
LocalSave		
Lock	Lock	True
LookUp	Look Up	True
LoopBulletedList		
LoopChecklist		
LoopComponents		
LoopNumberedList		
LoopParagraph		
LoopQA		
LoopTable		
LoopTaskList		
MacroPlay	Macros	True
MacroRecord	Record Macro...	True
MacroRecordOrStop	Record Macro / Stop Recorder	True
MacroRecorderPause	Pause Recording	False
MacroRecorderStop	Stop Recording	False
MacroSecurity	Macro Security	True
Magnifier	Magnifier	False
MailDelete	Delete Mail	False
MailMergeAddressBlockInsert	Address Block...	False
MailMergeAskToConvertChevrons	Mail Merge Ask To Convert Chevrons	True
MailMergeAutoCheckForErrors	Check for Errors...	False
MailMergeClearMergeType	Normal Word Document	True
MailMergeConvertChevrons	Mail Merge Convert Chevrons	True
MailMergeCreateDataSource	Mail Merge Create Data Source	True
MailMergeCreateHeaderSource	Mail Merge Create Header Source	True
MailMergeCreateList	Type a New List...	True
MailMergeDocument	Mail Merge Document	False
MailMergeEditAddressBlock	Edit Address Block...	False
MailMergeEditBarcode	Edit Barcode...	False
MailMergeEditGreetingLine	Edit Greeting Line...	False
MailMergeEditList	Edit Mail Merge List	True
MailMergeEmailOptions	Mail Merge E-mail Options	False
MailMergeFaxOptions	Mail Merge Fax Options	False
MailMergeFindRecipient	Find Recipient...	False
MailMergeFinishAndMergeMenu	Finish & Merge	False
MailMergeGoToFirstRecord	First	False
MailMergeGoToNextRecord	Next	False
MailMergeGoToPreviousRecord	Previous	False
MailMergeGoToRecord	Record:	False
MailMergeGotToLastRecord	Last	False
MailMergeGreetingLineInsert	Greeting Line...	False
MailMergeHelper	Mail Merge...	True
MailMergeHighlightMergeFields	Highlight Merge Fields	False
MailMergeInsertBarcode	Select a Field and a Barcode Type	False
MailMergeInsertBarcodeMenu	Insert Barcode Field	False
MailMergeJapaneseGreetingClosingSentenceInsert	Closing...	True
MailMergeJapaneseGreetingInsert	Greeting...	True
MailMergeJapaneseGreetingJapaneseOpeningSentenceInsert	Opening...	True
MailMergeJapanesePostalBarcode	Generate Postal Barcode (Japan)	False
MailMergeMatchFields	Match Fields...	False
MailMergeMergeFieldInsert	Insert Merge Field	False
MailMergeMergeFieldInsertMenu	Insert Merge Field	False
MailMergeMergeToDocument	Edit Individual Documents...	False
MailMergeMergeToEMail	Send Email Messages...	False
MailMergeMergeToFax	Merge to Fax	False
MailMergeMergeToNewDocumentOptions	Mail Merge to New Document Options	False
MailMergeMergeToPrinter	Print Documents...	False
MailMergeOpenHeaderSource	Mail Merge Open Header Source	True
MailMergePrintOptions	Mail Merge Print Options	False
MailMergeQueryOptions	Query Options	False
MailMergeRecepientsUseExistingList	Use an Existing List...	True
MailMergeRecepientsUseOutlookContacts	Choose from Outlook Contacts...	True
MailMergeRecipientsEditList	Edit Recipient List...	False
MailMergeReset	Mail Merge Reset	False
MailMergeResultsPreview	Preview Results	False
MailMergeRuleAsk	Mail Merge Insert Ask	True
MailMergeRuleFillIn	Mail Merge Insert Fill In	True
MailMergeRuleIfThenElse	Mail Merge Insert If	True
MailMergeRuleMergeRecordNumber	Mail Merge Insert Merge Rec	True
MailMergeRuleMergeSequenceNumber	Mail Merge Insert Merge Seq	True
MailMergeRuleNextRecord	Mail Merge Insert Next	True
MailMergeRuleNextRecordIf	Mail Merge Insert Next If	True
MailMergeRuleSetBookmark	Mail Merge Insert Set	True
MailMergeRuleSkipRecordIf	Mail Merge Insert Skip If	True
MailMergeRules	Rules	False
MailMergeSelectRecipients	Select Recipients	True
MailMergeSetDocumentType	Main document setup	True
MailMergeStartDirectory	Directory	True
MailMergeStartEmail	E-mail Messages	True
MailMergeStartEnvelopes	Envelopes...	True
MailMergeStartLabels	Labels...	True
MailMergeStartLetters	Letters	True
MailMergeStartMailMergeMenu	Start Mail Merge	True
MailMergeUpdateLabels	Update Labels	False
MailMergeWizard	Step-by-Step Mail Merge Wizard...	True
MailMove	Move Mail	False
MailSelectNames	Select Names...	False
MakeSegmentCurved	Curved Segment	False
MakeSegmentStraight	Straight Segment	False
ManagePrivacy	Manage Settings	True
ManageServices		
MarginsAdjust	Adjust Margins	False
MarginsCustomMargins	Custom Margins...	True
MarkAsDecorative	Mark as decorative	True
MasterDocument	Master Document	True
MasterDocumentCreateSubdocument	Create	False
MasterDocumentExpandOrCollapseSubdocuments	Expand/Collapse Subdocuments	False
MasterDocumentInsertSubdocument	Insert...	False
MasterDocumentLockSubdocument	Lock Document	False
MasterDocumentMergeSubdocuments	Merge	False
MasterDocumentShow	Show Document	False
MasterDocumentSplitSubdocuments	Split	False
MasterDocumentUnlinkSubdocument	Unlink	False
MdiChildSystemMenu	Document	True
MenuAccessibility	Accessibility	True
MenuMacros	Macros	True
MenuMode	Menu Mode	True
MenuPublish	Publish	True
MergeCells	Merge Cells	False
MergeOptions	Merge...	False
MergeOrSplitCells	Merge/Split Cells	False
MessageHeaderToggle	Message Header	False
MessageNext	Next Item	False
MessagePrevious	Previous Item	False
MessageProperties	Properties	False
MicrosoftAccess	Microsoft Access	True
MicrosoftExcel	Microsoft Excel	True
MicrosoftOutlook	Microsoft Outlook	True
MicrosoftPowerPoint	Microsoft PowerPoint	True
MicrosoftProject	Microsoft Project	True
MicrosoftPublisher	Microsoft Publisher	True
MiniTranslator	Mini Translator	False
MinimizeRibbon	Collapse the Ribbon	True
ModernSaveGroup		
MoreControlsDialog	More Controls...	True
MoreCorrectionAlternatives	More...	False
MoreLines2	More Lines...	False
MoreTextureOptions	More Textures...	False
MoveDocument		
MoveObjectWithText	Move with Text	False
MoveText	Move Text	False
MovieFromClipOrganizerInsert	Online Videos...	True
MultilevelListGallery	Multilevel List	True
NavPaneFindTellMe		True
NavigationPaneFind	Find	True
NavigationPaneShowHide	Navigation Pane	True
NewTableStyleWord	New Table Style...	True
NextEdit	Next Edit	True
NextMisspeling	Next Misspelling	True
NoTcid		
NormalViewHeaderArea	Normal View Header Area	True
NormalizeText	Normalize text	True
NudgeMenu	Nudge	False
NumberInsert	Number...	True
NumberListDefault	Tools Number List Default	True
NumberStyleGalleryWord	Number Styles	True
Numbering	Numbering	True
NumberingContinue	Continue Numbering	False
NumberingGalleryWord	Numbering	True
NumberingRemove	Remove Numbering	False
NumberingRestart	Restart Numbering	False
NumberingSkip	Skip Numbering	True
OK	OK	True
ObjectActivate	Activate Object	False
ObjectAddText	Add Text	True
ObjectAlignMenu	Align	True
ObjectBorderOutlineColorMoreColorsDialog	More Outline Colors...	False
ObjectBringForward	Bring Forward	False
ObjectBringForwardMenu	Bring Forward	False
ObjectBringInFrontOfText	Bring in Front of Text	False
ObjectBringToFront	Bring to Front	False
ObjectBringToFrontMenu	Bring to Front	False
ObjectEditDialog	Object...	False
ObjectEditPoints	Edit Points	False
ObjectEditShapeMenu	Edit Shape	False
ObjectEditShapeMenuClassic	Edit Shape	False
ObjectEditText	Edit Text	True
ObjectEffectGlowGallery	Glow	False
ObjectEffectPresetGallery	Preset	False
ObjectEffectShadowGallery	Shadow	False
ObjectEffectSoftEdgesGallery	Soft Edges	False
ObjectFillMoreColorsDialog	More Fill Colors...	False
ObjectFormatDialog	Format Object...	False
ObjectNext	Next Object	True
ObjectNudgeDown	Down	False
ObjectNudgeLeft	Left	False
ObjectNudgeRight	Right	False
ObjectNudgeUp	Up	False
ObjectPictureFill	Picture...	False
ObjectPrevious	Previous Object	True
ObjectRotateGallery	Rotate	False
ObjectSaveAsPicture	Save as Picture...	False
ObjectSendBackward	Send Backward	False
ObjectSendBackwardMenu	Send Backward	False
ObjectSendBehindText	Send Behind Text	False
ObjectSendToBack	Send to Back	False
ObjectSendToBackMenu	Send to Back	False
ObjectSetShapeDefaults	Set AutoShape Defaults	True
ObjectShadowColorMoreColorsDialog	More Shadow Colors...	False
ObjectSizeAndPropertiesDialog	Size and Properties...	False
ObjectSizeDialog	Size...	False
ObjectSizeDialogClassic	Size...	False
ObjectsAlignBottomSmart	Align Bottom	False
ObjectsAlignCenterHorizontalSmart	Align Center	False
ObjectsAlignLeftSmart	Align Left	False
ObjectsAlignMiddleVerticalSmart	Align Middle	False
ObjectsAlignRelativeToContainerSmart	Align to Slide	True
ObjectsAlignRelativeToMargin	Align to Margin	True
ObjectsAlignRightSmart	Align Right	False
ObjectsAlignSelectedSmart	Align Selected Objects	False
ObjectsAlignTopSmart	Align Top	False
ObjectsArrangeMenu		
ObjectsGroup	Group	False
ObjectsGroupMenu	Group	False
ObjectsMultiSelect	Select Multiple Objects	True
ObjectsRegroup	Regroup	False
ObjectsSelect	Select Objects	True
ObjectsUngroup	Ungroup	False
OfficeExtensionsAppStore	Get Add‑ins	True
OfficeExtensionsDialog	See All...	True
OfficeExtensionsFeaturedApp1		
OfficeExtensionsFeaturedApp2		
OfficeExtensionsFeaturedApp3		
OfficeExtensionsFeaturedApp4		
OfficeExtensionsFeaturedApp5		
OfficeExtensionsFeaturedApp6		
OfficeExtensionsGallery2	My Add-ins	True
OfficeExtensionsGallery3	Add-ins	True
OfficeExtensionsGetAddinsButtonOnBackstageBelowOpenDivider	Get Add-ins	True
OfficeExtensionsManageOtherAddins	Manage Other Add-ins...	True
OfficeExtensionsShowAddinFlyout	Add‑ins	True
OfficeFeedback	Feedback	False
OfficeFeedbackBackstage	Feedback	False
OfficeFeedbackHelpTab		
OfficeFeedbackIcon	Feedback	True
OfficeOnTheWeb	Office.com	True
OfficePolicyTips		
OleConvert	Convert...	False
OleObjectInsertMenu	Object	True
OleObjectctInsert	Object...	True
OpenDefaultNative	Desktop	False
OpenDefaultWeb	Browser	False
OpenMeetingNotes	Open Shared Meeting Notes	False
OpenOptionsAddIns	Options: AddIns	True
OpenOptionsAdvanced	Options: Advanced Options	True
OpenOptionsCustomization	Options: Quick Access Toolbar	True
OpenOptionsDisplay	Options: Display	True
OpenOptionsEaseOfAcess	Options: Accessibility	True
OpenOptionsExperimentSettings		
OpenOptionsLanguage	Options: Language	True
OpenOptionsSaving	Options: Saving	True
OpenOptionsSetup	Options: Home	True
OpenOptionsSpelling	Options: Spelling and Proofing	True
OpenOptionsTrustCenterSettings	Options: Trust Center Settings	True
OpenOptionsWordCustomizeRibbon	Options: Customize Ribbon	True
OpenPath	Open Path	False
OrganizationChartAutoLayout	AutoLayout	False
OrganizationChartDeleteNode	Delete	False
OrganizationChartInsert	Organization Chart	False
OrganizationChartInsertAssistant	Assistant	False
OrganizationChartInsertCoworker	Coworker	False
OrganizationChartInsertSubordinate	Subordinate	False
OrganizationChartLayoutBothHanging	Both Hanging	False
OrganizationChartLayoutLeftHanging	Left Hanging	False
OrganizationChartLayoutRightHanging	Right Hanging	False
OrganizationChartLayoutStandard	Standard	False
OrganizationChartResize	Resize Organization Chart	False
OrganizationChartSelectAllAssistants	All Assistants	False
OrganizationChartSelectAllConnectors	All Connectors	False
OrganizationChartSelectBranch	Branch	False
OrganizationChartSelectLevel	Level	False
OrganizationChartStyle	Style...	False
Organizer	Organizer	True
OutdentClassic	Decrease Indent	True
OutlineCollapse	Collapse	False
OutlineColorPicker	Picture Border	False
OutlineDashesGallery	Dashes	False
OutlineDemote	Demote	True
OutlineDemoteToBodyText	Demote to Body Text	True
OutlineExpand	Expand	False
OutlineLevelGallery	Outline Level	True
OutlineLinePatternFill	Pattern...	False
OutlineMoveDown	Move Down	True
OutlineMoveUp	Move Up	True
OutlineNumberDefault	Format Outline Number Default	True
OutlinePromote	Promote	True
OutlinePromoteToHeading	Promote to Heading 1	True
OutlineShowFirstLineOnly	Show First Line Only	False
OutlineShowLevel	Show Level:	True
OutlineShowTextFormatting	Show Text Formatting	False
OutlineViewClose	Close Outline View	False
OutlineWeightGallery	Weight	False
OutlookTaskCreate	Create Microsoft Outlook Task	True
Overtype	Overtype	True
PageBorderAndShadingDialog	Page Borders...	True
PageBreakInsertWord	Page Break	True
PageColorFillEffects	Fill Effects...	True
PageColorMoreColorsDialog	More Colors...	True
PageColorPicker	Page Color	True
PageDownExtend	Page Down Extend	True
PageMarginsGallery	Margins	True
PageNambersInFooterInsertGallery	Bottom of Page	True
PageNambersInMarginsInsertGallery	Page Margins	True
PageNext	Next Page	True
PageNextWord	Next Page	True
PageNumberFieldInsertGallery	Current Position	True
PageNumberFormat	Format Page Numbers...	True
PageNumbersInHeaderInsertGallery	Top of Page	True
PageNumbersRemove	Remove Page Numbers	True
PageOrientationGallery	Orientation	True
PageOrientationPortraitLandscape	Portrait/Landscape	True
PagePrevious	Previous Page	True
PagePreviousWord	Previous Page	True
PageSetupDialog	Page Setup...	True
PageSizeGallery	Size	True
PageSizeMorePaperSizesDialog	More Paper Sizes...	True
PageUpExtend	Page Up Extend	True
PagesMenuAnchor		
PanningHand	Panning Hand	True
ParagraphDialog	Paragraph...	True
ParagraphDistributed	Distributed	True
ParagraphDown	Para Down	True
ParagraphDownExtend	Para Down Extend	True
ParagraphIndentLeft	Left:	True
ParagraphIndentRight	Right:	True
ParagraphKeepLinesTogether	Para Keep Lines Together	True
ParagraphKeepWithNext	Para Keep With Next	True
ParagraphMarks	Show All	True
ParagraphReset	Reset Para	True
ParagraphSpaceAddOrRemoveBefore	Add/Remove Space Before	True
ParagraphSpaceBefore	Space Before	True
ParagraphSpaceBeforeNone	No Space Before	True
ParagraphSpacing	Paragraph Spacing	True
ParagraphSpacingAfter	After:	True
ParagraphSpacingBefore	Before:	True
ParagraphSpacingCustom	Custom Paragraph Spacing...	True
ParagraphSpacingDecrease	Decrease Paragraph Spacing	True
ParagraphSpacingIncrease	Increase Paragraph Spacing	True
ParagraphUp	Para Up	True
ParagraphUpExtend	Para Up Extend	True
ParagraphWidowOrphanControl	Para Widow Orphan Control	True
Paste	Paste	True
PasteAlternative	Paste Table	True
PasteApplyStyle	Apply Style	False
PasteAsHyperlink	Paste as Hyperlink	False
PasteAsNestedTable	Nest Table	False
PasteAsPicture	Picture	False
PasteBitmap	Paste as Bitmap	False
PasteByAppendingTable	Merge Table	False
PasteContinueList	Continue List	False
PasteDestinationStyle	Use Destination Styles	True
PasteDestinationTheme	Use Destination Theme	False
PasteDontMergeList	Don't Merge List	False
PasteDuplicate	Duplicate	False
PasteExcelChartDestinationTheme	Use Destination Theme & Embed Workbook	False
PasteExcelChartSourceFormatting	Keep Source Formatting & Embed Workbook	False
PasteExcelTableDestinationTableStyle	Use Destination Styles	False
PasteExcelTableSourceFormatting	Keep Source Formatting	False
PasteGallery	Paste	True
PasteGalleryMini	Paste Options	True
PasteGif	Paste as GIF	False
PasteJpeg	Paste as JPEG	False
PasteLinkedExcelChartDestinationTheme	Use Destination Theme & Link Data	False
PasteLinkedExcelChartSourceFormatting	Keep Source Formatting & Link Data	False
PasteLinkedExcelTableDestinationTableStyle	Link & Use Destination Styles	False
PasteLinkedExcelTableSourceFormatting	Link & Keep Source Formatting	False
PasteLinkedSingleCellExcelTableDestinationFormatting	Link & Merge Formatting	False
PasteMenu	Paste	True
PasteMergeFormatting	Merge Formatting	True
PasteMergeList	Merge List	False
PasteNewList	New List	False
PastePng	Paste as PNG	False
PasteSetDefault	Set Default Paste...	True
PasteSingleCellExcelTableDestinationFormatting	Merge Formatting	False
PasteSingleCellTableAsTable	Entire Cell	False
PasteSingleCellTableAsText	Cell Contents	False
PasteSourceFormatting	Keep Source Formatting	True
PasteSpecialDialog	Paste Special...	True
PasteTableAsNewRows	Insert as New Rows	False
PasteTableByInsertingColumns	Insert as New Columns	False
PasteTableByOverwritingCells	Overwrite Cells	False
PasteTableWithSourceFormatting	Keep Original Table Formatting	False
PasteTextOnly	Keep Text Only	True
PenAddFavorite	Add Current Pen to Favorite Pens	False
PenAndInkHelp	Ink Help	False
PensGallery	Pens	False
PensGallery2	Pens	False
Personalization		
PictureArtisticEffectsGallery	Artistic Effects	False
PictureArtisticEffectsReset	Reset Artistic Effects	False
PictureAttributionNavigateToSource	View Source...	False
PictureBackgroundRemoval	Remove Background	False
PictureBackgroundRemovalMarkBackground	Mark Areas to Remove	False
PictureBackgroundRemovalMarkDelete	Delete Mark	False
PictureBackgroundRemovalMarkForeground	Mark Areas to Keep	False
PictureBorderColorPickerClassic	Picture Border	False
PictureBrightnessAndContrastDialog	Picture Correction Options...	False
PictureBrightnessAndContrastGallery	Brightness & Contrast...	False
PictureBrightnessGallery	Brightness	False
PictureBulletsInsert	Picture Bullets...	True
PictureChange	Change Picture...	False
PictureChangeFromClipboard	From Clipboard...	False
PictureChangeFromFile	From a File...	False
PictureChangeFromM365	From Stock Images...	False
PictureChangeFromMobile		
PictureChangeFromOnline	From Online Sources...	False
PictureChangeMenu	Change Picture	False
PictureColorDialog	Picture Color Options...	False
PictureColorMenu	Color	False
PictureColorReset	Reset Picture Color	False
PictureColorTempertatureGallery	Color Tone	False
PictureContrastGallery	Contrast	False
PictureCorrectionsDialog	Picture Corrections Options...	False
PictureCorrectionsMenu	Corrections	False
PictureCorrectionsReset	Reset Picture Corrections	False
PictureCrop	Crop	False
PictureCropAspectRatio16To10	16:10	False
PictureCropAspectRatio16To9	16:9	False
PictureCropAspectRatio1To1	1:1	False
PictureCropAspectRatio2To3	2:3	False
PictureCropAspectRatio3To2	3:2	False
PictureCropAspectRatio3To4	3:4	False
PictureCropAspectRatio3To5	3:5	False
PictureCropAspectRatio4To3	4:3	False
PictureCropAspectRatio4To5	4:5	False
PictureCropAspectRatio5To3	5:3	False
PictureCropAspectRatio5To4	5:4	False
PictureCropAspectRatioMenu	Aspect Ratio	False
PictureCropTools	Crop Tools	False
PictureDisassemble	Disassemble Picture	False
PictureEditClassic	Picture	False
PictureEditWord	Edit Picture	False
PictureEffectsGlowGallery	Glow	False
PictureEffectsMenu	Picture Effects	False
PictureEffectsPresetGallery	Preset	False
PictureEffectsShadowGallery	Shadow	False
PictureEffectsSoftEdgesGallery	Soft Edges	False
PictureFillCrop	Fill	False
PictureFitCrop	Fit	False
PictureFormatDialog	Picture...	False
PictureInsertFromFile	Pictures...	True
PictureMoreTransparency	Picture Transparency Options...	False
PicturePositionGallery	Position	False
PictureRecolorGallery	Recolor	False
PictureRecolorGalleryWord	Recolor	False
PictureRecolorMoreColorsDialog	More Colors...	False
PictureReflectionGallery	Reflection	False
PictureReset	Reset Picture	False
PictureResetAndSize	Reset Picture & Size	False
PictureResetSplitButton	Reset Picture	False
PictureRotationGallery	3-D Rotation	False
PictureSaturationGallery	Color Saturation	False
PictureSetTransparentColor	Set Transparent Color	False
PictureShapeGallery	Change Shape	False
PictureSharpenSoftenGallery	Sharpen & Soften	False
PictureStylesGallery	Quick Styles	False
PictureTransparencyGallery	Transparency	False
PicturesCompress	Compress Pictures...	True
PicturesConvertToSmartArt	Picture Layout	False
PinnableGroupCloudGettingStartedOpenMRUPlacesOrNavSlab		
PlaceTabHome		
PlayMacro	Macros	True
PlayVideo	Play Video	False
PlayVideoInBrowser	Open in Browser	False
PlaybackTipPlay	Speak	False
PointEraserMedium	Medium Eraser	False
PointEraserSmall	Small Eraser	False
PointerModeOptions	Touch/Mouse Mode	True
PreviousEdit	Previous Edit	True
PrintOptionsMenuWord	Options	True
PrintPreviewAndPrint	Print Preview and Print	True
PrintPreviewClose	Close Print Preview	False
PrintPreviewEditMode	Print Preview Edit Mode	True
PrintPreviewShrinkOnePage	Shrink One Page	True
PrintSetupDialog	Print Setup...	True
PrivacyOptionsDialog	Privacy Options...	False
ProofingOptions	Options...	True
PropertyInsert	Document Property	True
PropertySheet	Property Sheet	False
ProtectDocument	Protect Document...	True
ProtectOrUnprotectDocument	Protect Document	True
PublishGroup		
QuickAccessToolbarCustomization	Customize Quick Access Toolbar...	False
QuickCheck	Spelling and Grammar	True
QuickCheckAll	Spelling and Grammar	True
QuickCheckSpelling	Spelling	True
QuickPartsInsertFromOnline	Get More on Office.com...	False
QuickPartsInsertGallery	Quick Parts	True
QuickStylesGallery	Styles	True
QuickStylesResetDocumentStyles	Reset to the Document Style Set	False
QuickStylesResetFromTemplate	Reset to the Default Style Set	True
QuickStylesSaveQuickStyleSet	Save as a New Style Set...	True
QuickStylesSaveSelectionAsNew	Create a Style	True
QuickStylesSetAsDefault	Set as Default	True
QuickStylesSets	Style Set	True
QuickTablesInsertGallery	Quick Tables	True
ReadAloud	Read Aloud	True
ReadingViewAllowMultiplePages	Allow Multiple Pages	False
ReadingViewClose	Edit	True
ReadingViewFontSizeDecrease	Decrease Text Size	False
ReadingViewFontSizeIncrease	Increase Text Size	False
ReadingViewResearchPane	Research...	False
ReadingViewShowPrintedPage	Show Pages	True
ReadingViewStartInking	Inking	False
ReadingViewUnlockDocumentLayout	Unlock Document Layout	False
RecolorColorPicker	More Variations	False
Redo	Redo	False
RedoOrRepeat	Redo	True
ReflectionGallery	Reflection	False
ReflectionsMoreOptions	Reflection Options...	False
RefreshServerFile	Refresh	True
RejectAllChangesInDocAndStopTracking	Reject All Changes and Stop Tracking	True
ReleaseAllMyLocks	Release All of My Blocked Areas	False
ReopenFromServer	Reopen Document	True
ReopenServerFile	Reopen	True
Repaginate	Repaginate	True
ReplaceDialog	Replace...	True
ReplaceWithAutoText	Replace with AutoText	False
Replay	Ink Replay	False
Reply	Reply	False
ReplyAll	Reply All	False
ResearchPane	Research...	True
Researcher		
Reset3DModel	Reset 3D Model	False
Reset3DModelAndSize	Reset 3D Model and Size	False
Reset3DModelSplitButton	Reset 3D Model	False
ReturnAddressFormatFontDialog	Format Ret Addr Fonts	True
ReuseFilesForLink	Search for Files	False
ReuseWebpageFromClipboard	Copy More from this Webpage	False
RevealFormatting	Reveal Formatting...	True
ReviewAcceptAllChangesInDocument	Accept All Changes	True
ReviewAcceptAllChangesShown	Accept All Changes Shown	False
ReviewAcceptChange	Accept This Change	False
ReviewAcceptChangeAndMoveToNext	Accept and Move to Next	True
ReviewAcceptChangeMenu	Accept	True
ReviewAcceptOrRejectChangeDialog	Accept/Reject Changes	True
ReviewBalloonsMenu	Balloons	True
ReviewChangeTrackingOptions	Change Tracking Options...	True
ReviewChangeUserName	Change User Name...	True
ReviewCombineRevisions	Combine...	True
ReviewCompareLastVersion	Last Version	True
ReviewCompareMajorVersion	Major Version	True
ReviewCompareMenu	Compare	True
ReviewCompareSpecificVersion	Specific Version...	True
ReviewCompareTwoVersions	Compare...	True
ReviewDeleteAllCommentsInDocument	Delete All Comments in Document	False
ReviewDeleteAllCommentsShown	Delete All Comments Shown	False
ReviewDeleteComment	Delete	False
ReviewDeleteCommentsMenu	Delete	False
ReviewDisplayForReview	Display for Review	True
ReviewEditComment	Edit Comment	False
ReviewEndReview	End Review...	False
ReviewFilterByCustom	Custom...	True
ReviewFilterByEver	Ever	True
ReviewFilterByEveryone	Everyone	True
ReviewFilterByLastWeek	Past 7 Days	True
ReviewFilterByMe	Just Me	True
ReviewFilterByOthers	Everyone but Me	True
ReviewFilterByToday	Today	True
ReviewFilterByYesterday	Past 2 Days	True
ReviewHighlightChanges	Highlight Changes...	True
ReviewHighlightUpdates	Highlight Updates	False
ReviewInkCommentEraser	Eraser	False
ReviewInkCommentNew	Ink Comment	False
ReviewInkCommentPen	Pen	False
ReviewJapaneseConsistencyChecker	Japanese Consistency Checker...	True
ReviewNewComment	New Comment	True
ReviewNextChange	Next	True
ReviewNextChangeClassic	Next Change	True
ReviewNextComment	Next	False
ReviewNextCommentWord	Next	False
ReviewOtherAuthors	Other Authors	False
ReviewPeopleFilter	Filter by People	True
ReviewPeopleFilterMenu	Filter by People	True
ReviewPreviousChange	Previous	True
ReviewPreviousChangeClassic	Previous Change	True
ReviewPreviousComment	Previous	False
ReviewPreviousCommentWord	Previous	False
ReviewProtectDocumentMenu	Protect Document	True
ReviewRejectAllChangesInDocument	Reject All Changes	True
ReviewRejectAllChangesShown	Reject All Changes Shown	False
ReviewRejectChange	Reject Change	False
ReviewRejectChangeAndMoveToNext	Reject and Move to Next	True
ReviewRejectChangeMenu	Reject	True
ReviewReplyWithChanges	Reply with Changes...	False
ReviewRestrictFormatting	Restrict Editing	True
ReviewReviewingPane	Reviewing Pane	True
ReviewReviewingPaneHorizontal	Reviewing Pane Horizontal...	True
ReviewReviewingPaneMenu	Reviewing Pane	True
ReviewReviewingPaneVertical	Reviewing Pane Vertical...	True
ReviewSendForReview	Send for Review...	True
ReviewShowAllComments	Show All Comments	False
ReviewShowComments	Comments	True
ReviewShowFormatting	Formatting	True
ReviewShowInsertionsAndDeletions	Insertions and Deletions	True
ReviewShowMarkupAreaHighlight	Markup Area Highlight	True
ReviewShowMarkupMenu	Show Markup	True
ReviewShowOnlyCommentsAndFormattingInBaloons	Only for Comments/Formatting	True
ReviewShowReviewersMenu	Specific People	True
ReviewShowRevisionsInBalloons	Show Revisions in Balloons	True
ReviewShowRevisionsInline	Show All Revisions Inline	True
ReviewShowSourceDocumentsMenu	Show Source Documents	False
ReviewTimeFilter	Filter by Time	True
ReviewTimeFilterMenu	Filter by Time	True
ReviewTrackChanges	Track Changes	True
ReviewTrackChangesMenu	Track Changes	True
ReviewViewChangesInTheSourceDocument	View changes in the source document	True
RevisionsLockTracking	Lock Tracking	True
RevisionsMenu	Track Changes	True
RevisionsTrackEveryone	For Everyone	True
RevisionsTrackMine	Just Mine	True
RibbonCustomization	Customize the Ribbon...	False
RightToLeftRun	Rtl Run	True
RowHeight	Row Height...	False
RuleLineFullPage	Apply to Full Page	True
RuleLinesMenu	Rule Lines	True
SDXQuickstart		
SVGEdit	Convert to Shape	False
Save		
SaveACopyButton	Save a Copy	True
SaveAll	Save All	True
SaveAndCloseConflictView	Save and Close View	True
SaveCloudServices		
SaveGroup		
SaveSelectionToAutoTextGallery	Save Selection to AutoText Gallery	False
SaveSelectionToBibliographyGallery	Save Selection to Bibliography Gallery...	False
SaveSelectionToCoverPageGallery	Save Selection to Cover Page Gallery...	False
SaveSelectionToEquationGallery	Save Selection to Equation Gallery...	False
SaveSelectionToFooterGallery	Save Selection to Footer Gallery...	False
SaveSelectionToHeaderGallery	Save Selection to Header Gallery...	False
SaveSelectionToPageNumberBottom	Save Selection as Page Number (Bottom)	False
SaveSelectionToPageNumberGallery	Save Selection to Page Number Gallery...	False
SaveSelectionToPageNumberMargin	Save Selection as Page Number (Margin)	False
SaveSelectionToPageNumberTop	Save Selection as Page Number (Top)	False
SaveSelectionToQuickPartGallery	Save Selection to Quick Part Gallery...	False
SaveSelectionToQuickTablesGallery	Save Selection to Quick Tables Gallery...	False
SaveSelectionToTableOfContentsGallery	Save Selection to Table of Contents Gallery...	False
SaveSelectionToTextBoxGallery	Save Selection to Text Box Gallery	False
SaveSelectionToWaterMarkGallery	Save Selection to Watermark Gallery...	False
SaveTemplate	Save Template	True
ScaleDrawingCanvas	Scale Drawing	True
ScreenClipping	Screen Clipping	True
ScreenRefresh	Screen Refresh	True
ScreenshotInsertGallery	Screenshot	True
SearchLibraries	Search Libraries...	False
SecondCorrectionAlternative	(No Suggestion)	False
SectionBreakInsert	Insert Section Break	True
Security	Security	True
SelectAll	Select All	True
SelectCurrentAlignment	Select Cur Alignment	True
SelectCurrentColor	Select Cur Color	True
SelectCurrentFont	Select Cur Font	True
SelectCurrentIndent	Select Cur Indent	True
SelectCurrentSpacing	Select Cur Spacing	True
SelectCurrentTabs	Select Cur Tabs	True
SelectMenu	Select	True
SelectMenuExcel	Find & Select	True
SelectNumber	Select Number	True
SelectObjects	Select Objects	True
SelectTextWithSimilarFormatting	Select Text with Similar Formatting	True
SelectionPane	Selection Pane...	True
SelectionToMathConvert	Ink to Math	True
SendByInstantMessage		
SendCopyAddressBookBcc	Bcc: Focus	False
SendCopyAddressBookCc	CC: Focus	False
SendCopyAddressBookTo	To: Focus	False
SendCopyAttachmentOptions	Attachment Options	False
SendCopyCheckNames	Check Names	False
SendCopyFlag	Mail Flag	False
SendCopyFocusIntroduction	Introduction Focus	False
SendCopyFocusSubject	Subject Focus	False
SendCopyOptions	Mail Options	False
SendCopySaveAttachment	Save Mail Attachments	False
SendCopySelectNames	Select Names	False
SendCopySendNow	Send Now	False
SendCopySendToMailRecipient	Mail Recipient	True
SendCopySetup	Envelope Setup...	False
SendDoc	Send documents to Kindle	False
SendUsingEmail		
SetDefaultObjectLayout	Set as Default Layout	False
SetLanguage	Set Proofing Language...	True
SetLanguageMenu	Language	True
ShadingColorPicker	Shading	True
ShadingColorsMoreColorsDialog	More Colors...	True
ShadowColorPickerClassic	Shadow Color	False
ShadowNudgeDownClassic	Nudge Shadow Down	False
ShadowNudgeLeftClassic	Nudge Shadow Left	False
ShadowNudgeRightClassic	Nudge Shadow Right	False
ShadowNudgeUpClassic	Nudge Shadow Up	False
ShadowOnOrOffClassic	Shadow On/Off	False
ShadowOptionsDialog	Shadow Options...	False
ShadowSemitransparentClassic	Semitransparent Shadow	False
ShadowStyleGalleryClassic	Shadow Effects	False
ShapeArc	Arc	True
ShapeChangeShapeGallery	Change Shape	False
ShapeConnectorStyleCurved	Curved Connector	False
ShapeConnectorStyleElbow	Connector: Elbow	False
ShapeConnectorStyleMenu	Connector Types	False
ShapeConnectorStyleStraight	Straight Connector	False
ShapeConvertToFreeform	Convert to Freeform	False
ShapeCurve	Curve	True
ShapeDownArrow	Arrow: Down	True
ShapeEffectsMenu	Shape Effects	False
ShapeElbowConnector	Connector: Elbow	True
ShapeElbowConnectorArrow	Connector: Elbow Arrow	True
ShapeFillColorPicker	Shape Fill	False
ShapeFillEffectMoreGradientsDialogClassic	More Gradients...	False
ShapeFillEffectMoreTexturesDialogClassic	More Textures...	False
ShapeFillEffectPatternClassic	Pattern...	False
ShapeFillGradientGalleryClassic	Gradient	False
ShapeFillMoreGradientsDialog	More Gradients...	False
ShapeFillTextureGallery	Texture	False
ShapeFreeform	Freeform: Shape	True
ShapeHeight	Height:	False
ShapeIsoscelesTriangle	Isosceles Triangle	True
ShapeLeftBrace	Left Brace	True
ShapeOutlineColorPicker	Picture Border	False
ShapeOval	Oval	True
ShapeRectangle	Rectangle	True
ShapeRerouteConnectors	Reroute Connectors	False
ShapeRightArrow	Arrow: Right	True
ShapeRightBrace	Right Brace	True
ShapeRoundedRectangle	Rectangle: Rounded Corners	True
ShapeRoundedRectangularCallout	Speech Bubble: Rectangle with Corners Rounded	True
ShapeScribble	Freeform: Scribble	True
ShapeStar	Star: 5 Points	True
ShapeStraightConnector	Straight Connector	True
ShapeStraightConnectorArrow	Straight Arrow Connector	True
ShapeStylesGallery	Quick Styles	False
ShapeStylesGalleryClassic	Shape Styles	False
ShapeStylesOtherThemeFillsGallery	Other Theme Fills	False
ShapeWidth	Width:	False
ShapesInsertGallery	Shapes	True
Share		
ShareDocument		
ShareNotesWithMeeting	Share Notes with Meeting...	False
ShareWithPeopleFromSharePane		
ShowAllHeadings	All	False
ShowClipboard	Office Clipboard...	True
ShowCommentGutter	Show Comments	True
ShowCommentsContextualView	Contextual	True
ShowCommentsMenu	Show Comments	True
ShowCommentsPane	List	True
ShowNavigationPaneHeadingsView	Navigation Pane Headings View	True
ShowNavigationPaneNewInAccCheckerSplitButton	Navigation Pane	True
ShowRepairs	Show Repairs	True
ShowRuler	Ruler	True
ShowRulerStencil	Ruler	True
ShowTextPredictions	Show Text Predictions	True
ShowTraining	Show Training	True
ShrinkSelection	Shrink Selection	True
SignatureLineInsert	Signature Line	True
SignatureLineInsertMenu	Signature Line	True
SignatureServicesAdd	Add Signature Services...	True
SignaturesStationeryDialog	Signatures...	True
SingleLineRibbonToggle		
SkyDriveUpsellGroup		
SlabCloudSaveAsAccessibility		
SlabLocalSaveAsAccessibility		
SlabSaveAsAccessibility		
SlabShareWithPeopleFromSharePane		
SmartArtAddAssistant	Add Assistant	False
SmartArtAddBullet	Add Bullet	False
SmartArtAddShape	Add Shape	False
SmartArtAddShapeAbove	Add Shape Above	False
SmartArtAddShapeAfter	Add Shape After	False
SmartArtAddShapeBefore	Add Shape Before	False
SmartArtAddShapeBelow	Add Shape Below	False
SmartArtAddShapeMenu	Add Shape	False
SmartArtAddShapeSplitMenu	Add Shape Options	False
SmartArtChangeColorsGallery	Change Colors	False
SmartArtChangeLayout	Change Layout...	False
SmartArtDemote	Demote	False
SmartArtEditIn2D	Edit in 2-D	False
SmartArtInsert	SmartArt...	True
SmartArtLargerShape	Larger	False
SmartArtLayoutGallery	Change Layout	False
SmartArtMoreLayoutsDialog	More Layouts...	False
SmartArtOrganizationChartBoth	Both	False
SmartArtOrganizationChartLeftHanging	Left Hanging	False
SmartArtOrganizationChartMenu	Layout	False
SmartArtOrganizationChartRightHanging	Right Hanging	False
SmartArtOrganizationChartStandard	Standard	False
SmartArtPromote	Promote	False
SmartArtRecolorImages	Recolor Pictures in SmartArt Graphic	False
SmartArtReorderDown	Move After	False
SmartArtReorderUp	Move Before	False
SmartArtResetGraphic	Reset Graphic	False
SmartArtResetShape	Reset Shape	False
SmartArtRightToLeft	Right to Left	False
SmartArtSmallerShape	Smaller	False
SmartArtStylesGallery	Quick Styles	False
SmartArtTextPane	Text Pane	False
SmartLookup		
SmartTagOptions	Options...	True
SmoothVertex	Smooth Point	False
SoftEdgesMoreOptions	Soft Edges Options...	False
SortAscendingWord	Sort Ascending	True
SortDescendingWord	Sort Descending	True
SortDialogClassic	Sort...	True
SpacingLabel	Spacing	True
SpeakLearnFromDocument	Learn from document...	True
Spelling	Spelling...	True
SpellingAndGrammar	Spelling & Grammar	True
SpellingHideErrors	Hide Spelling Errors	True
SpellingMenu	Spelling	True
SpellingRecheckDocument	Tools Spelling Recheck Document	True
Spike	Spike	False
SpikeInsert	Insert Spike	False
SplitButtonQuickCheck	Quick Check	True
SplitCells	Split Cells...	False
StartOfColumn	Start Of Column	False
StartOfDocument	Start of Document	True
StartOfDocumentExtend	Start Of Doc Extend	True
StartOfLine	Start of Line	True
StartOfLineExtend	Start Of Line Extend	True
StartOfRow	Start Of Row	False
StartOfWindowExtend	Start Of Window Extend	True
StraightVertex	Straight Point	False
Strikethrough	Strikethrough	True
StyleByExample	Style by Example	True
StyleEnforcementSettings	Style Enforcement Settings	True
StyleGalleryClassic	Style:	True
StyleGalleryDialog	Style Gallery...	True
StyleNormal	Normal Style	True
StylesDialogClassic	Edit Cell Styles	True
StylesManageStyles	Manage Styles	True
StylesModifyStyle	Modify Style	True
StylesPane	Styles...	True
StylesPaneNewStyle	New Style...	True
StylesRedefineStyle	Redefine Style	True
StylesRenameStyle	Rename Style	True
StylesStyleInspector	Style Inspector	True
StylesStyleSeparator	Style Separator	True
StylesStyleVisibility	Style Visibility	True
StylisticSetsMenuWord	Stylistic Sets	True
SubdocumentOpen	Open Subdocument	False
Subscript	Subscript	True
SummaryInformation	Summary Information...	True
Superscript	Superscript	True
SwapAllNotes	Edit Swap All Notes	False
SymbolFont	Symbol Font	True
SymbolInsertGallery	Symbol	True
SymbolsDialog	More Symbols...	True
SyntexDocGen	Generate Documents	True
SyntexEsign	eSignature fields	True
SyntexSnippets	Manage Sections	True
SyntexTemplates	Manage Templates	True
SystemInformation	Microsoft System Info	True
Tab3DModelToolsFormat	3D Model	
TabAddIns	Add-ins	
TabBackgroundRemoval	Background Removal	
TabBlogInsert	Insert	
TabBlogPost	Blog Post	
TabBroadcastPresentation	Present Online	
TabChartToolsDesign	Design	
TabChartToolsDesignNew	Chart Design	
TabChartToolsFormat	Format	
TabChartToolsFormatNew	Format	
TabChartToolsLayout	Layout	
TabConflicts	Conflicts	
TabDeveloper	Developer	
TabDiagramToolsFormatClassic	Diagram	
TabDrawInk	Draw	
TabDrawingToolsFormat	Shape Format	
TabDrawingToolsFormatClassic	Shape Format	
TabEquationToolsDesign	Equation	
TabGraphicsToolsFormat	Graphics Format	
TabHeaderAndFooterToolsDesign	Header & Footer	
TabHelp		
TabHome	Home	
TabInfo		
TabInkToolsPens	Ink	
TabInsert	Insert	
TabLearningTools	Immersive Reader	
TabMailings	Mailings	
TabOfficeFeedback		
TabOfficeStart		
TabOrganizationChartToolsFormat	Organization Chart	
TabOutlining	Outlining	
TabPageLayoutWord	Layout	
TabPictureToolsFormat	Picture Format	
TabPictureToolsFormatClassic	Picture Format	
TabPrint		
TabPrintPreview	Print Preview	
TabPublish		
TabRecent		
TabReferences	References	
TabReviewWord	Review	
TabSave		
TabSet3DModelTools	3D Model Tools	
TabSetChartTools	Chart Tools	
TabSetDiagramTools	Diagram Tools	
TabSetDrawingTools	Drawing Tools	
TabSetDrawingToolsClassic	Drawing Tools	
TabSetEquationTools	Equation Tools	
TabSetHeaderAndFooterTools	Header & Footer Tools	
TabSetInkTools	Ink Tools	
TabSetLearningTools	Immersive	
TabSetOrganizationChartTools	Organization Chart Tools	
TabSetPictureTools	Picture Tools	
TabSetPictureToolsClassic	Picture Tools	
TabSetSVGTools	Graphics Tools	
TabSetSmartArtTools	SmartArt Tools	
TabSetTableTools	Table Tools	
TabSetTextBoxTools	Text Box Tools	
TabSetWordArtTools	WordArt Tools	
TabShare		
TabSmartArtToolsDesign	SmartArt Design	
TabSmartArtToolsFormat	Format	
TabSyntex	Manage	
TabTableToolsDesign	Table Design	
TabTableToolsLayout	Table Layout	
TabTextBoxToolsFormat	Text Box	
TabView	View	
TabWordArtToolsFormat	WordArt	
TabWordDesign	Design	
TableAutoFitContents	AutoFit Contents	False
TableAutoFitFixedColumnWidth	Fixed Column Width	False
TableAutoFitMenu	AutoFit	False
TableAutoFitWindow	AutoFit Window	False
TableAutoFormat	Table AutoFormat...	False
TableAutoFormatStyle	Table AutoFormat...	True
TableAutoFormatUpdate	Table Update AutoFormat	False
TableBordersMenu	Borders	True
TableCellAlignBottom	Align Bottom	False
TableCellAlignBottomCenter	Align Bottom Center	False
TableCellAlignBottomLeft	Align Bottom Left	False
TableCellAlignBottomRight	Align Bottom Right	False
TableCellAlignCenterVertically	Center Vertically	False
TableCellAlignMiddleCenter	Align Center	False
TableCellAlignMiddleLeft	Align Center Left	False
TableCellAlignMiddleRight	Align Center Right	False
TableCellAlignTop	Align Top	False
TableCellAlignTopCenter	Align Top Center	False
TableCellAlignTopLeft	Align Top Left	False
TableCellAlignTopRight	Align Top Right	False
TableCellHeightWidth	Cell Height and Width...	False
TableCellNext	Next Cell	False
TableCellOptions	Cell Options...	False
TableCellPrevious	Previous Cell	False
TableCellVerticalAlignmentMenu	Alignment	False
TableColumnSelect	Select Column	False
TableColumnSelectWord	Column Select	True
TableColumnWidth	Width:	False
TableColumnsDelete	Delete Columns	False
TableColumnsDistribute	Distribute Columns	False
TableColumnsGallery	Columns	True
TableColumnsInsertLeft	Insert Left	False
TableColumnsInsertRight	Insert Right	False
TableDelete	Delete Table	False
TableDeleteRowsAndColumnsMenuWord	Delete	False
TableDrawBorderPenStyle	Pen Style	True
TableDrawBorderPenWeight	Pen Weight	True
TableDrawTable	Draw Table	True
TableEraser	Eraser	True
TableExcelSpreadsheetInsert	Excel Spreadsheet	True
TableFind	Find	True
TableFormulaDialog	Formula...	True
TableInsertCellsDialog	Insert Cells...	False
TableInsertDialogWord	Insert Table...	True
TableInsertGallery	Table	True
TableInsertMultidiagonalCell	Insert Multidiagonal Cell...	False
TableOfAuthoritiesEditCategory	Edit TOA Category	True
TableOfAuthoritiesInsert	Insert Table of Authorities...	True
TableOfAuthoritiesUpdate	Update Table	False
TableOfContentsAddTextGallery	Add Text	True
TableOfContentsDialog	Custom Table of Contents...	True
TableOfContentsGallery	Table of Contents	True
TableOfContentsInFrame	Table of Contents in Frame	True
TableOfContentsMarkEntry	Mark Entry	True
TableOfContentsRebuild	Rebuild Table of Contents	True
TableOfContentsRemove	Remove Table of Contents	True
TableOfContentsUpdate	Update Table...	True
TableOfContentsUpdateClassic	Update Table of Contents...	True
TableOfFiguresInsert	Insert Table of Figures...	True
TableOfFiguresUpdate	Update Table	False
TableOptionsDialog	Cell Margins...	False
TablePaintBorder	Border Painter	True
TablePropertiesDialog	Properties...	False
TableRepeatHeaderRows	Repeat Header Rows	False
TableRowHeight	Height:	False
TableRowSelect	Select Row	False
TableRowsDelete	Delete Rows	False
TableRowsDistribute	Distribute Rows	False
TableRowsInsertAboveWord	Insert Above	False
TableRowsInsertBelowWord	Insert Below	False
TableRowsInsertWord	Insert Rows	False
TableRowsOrColumnsDistribute	Distribute Rows/Columns	False
TableRowsOrColumnsOrCellsDelete	Delete Rows/Columns/Cells	False
TableRowsOrColumnsOrCellsInsert	Insert Table	True
TableSampleBorder	Border Sampler	True
TableSelect	Select Table	False
TableSelectCell	Select Cell	False
TableSelectMenu	Select	False
TableShowGridlines	View Gridlines	True
TableSplitTable	Split Table	False
TableStyleBandedColumnsWord	Banded Columns	False
TableStyleBandedRowsWord	Banded Rows	False
TableStyleClear	Clear	False
TableStyleHeaderRowWord	Header Row	False
TableStyleLastColumnWord	Last Column	False
TableStyleModify	Modify Table Style...	False
TableStyleOptionsMenu		
TableStyleTotalRowWord	Total Row	False
TableStylesFirstColumnWord	First Column	False
TableStylesGalleryWord	Table Styles	True
TableWrapping	Table Wrapping	False
TabsDialog	Tabs...	True
TextAlignCenter	Center	False
TextAlignGallery	Align Text	False
TextAlignLeft	Left Align	False
TextAlignLetterJustify	Letter Justify	False
TextAlignMenu	Alignment	False
TextAlignRight	Right Align	False
TextAlignStretchJustify	Stretch Justify	False
TextAlignWordJustify	Word Justify	False
TextAllCaps	All Caps	True
TextBoxAutosize	Autosize textbox	False
TextBoxConvertToFrame	Convert Text Box To Frame	False
TextBoxDrawMenu	Draw Text Box	True
TextBoxInsert	Text Box	True
TextBoxInsertGallery	Text Box	True
TextBoxInsertHorizontal	Draw Horizontal Text Box	True
TextBoxInsertMenu	Text Box	True
TextBoxInsertVertical	Vertical Text Box	False
TextBoxInsertVerticalWord	Draw Vertical Text Box	False
TextBoxInsertWord	Text Box	True
TextBoxLinkBreak	Break Link	False
TextBoxLinkCreate	Create Link	False
TextBoxNextLinked	Next Text Box	False
TextBoxPositionGallery	Position	False
TextBoxPreviousLinked	Previous Text Box	False
TextBoxStyleGallery	Text Box Style	False
TextBoxWordClassic	Text Box	True
TextDirection	Text Direction	False
TextDirectionGallery	Text Direction	False
TextDirectionGalleryWord	Text Direction	False
TextDirectionLeftToRight	Left-to-Right	True
TextDirectionOptionsDialog	Text Direction Options...	False
TextDirectionRightToLeft	Right-to-Left	True
TextEditModeExit	Exit Edit Text	False
TextEffectGlowGallery	Glow	True
TextEffectShadowGallery	Shadow	True
TextEffectTransformGallery	Transform	False
TextEffects3DRotationGallery	3-D Rotation	False
TextEffects3DRotationOptionsDialog	3-D Rotation Options...	False
TextEffectsBevelMore3DOptionsDialog	3-D Options...	True
TextEffectsGallery	Text Effects and Typography	True
TextEffectsGlowsMoreOptions	Glow Options...	True
TextEffectsMenu	Text Effects	True
TextEffectsMoreShadowsDialog	Shadow Options...	True
TextEffectsReflectionsMoreOptions	Reflection Options...	True
TextFillColorMoreColorsDialog	More Fill Colors...	True
TextFillColorPicker	Text Fill	True
TextFillGradientGallery	Gradient	True
TextFillMoreGradientsDialog	More Gradients...	True
TextFillMoreTextures	More Textures...	False
TextFillTextureGallery	Texture	False
TextFromFileInsert	Text from File...	True
TextGlowColorMoreColorsDialog	More Colors...	True
TextGlowColorPicker	More Glow Colors	True
TextHighlightColorPicker	Text Highlight Color	True
TextOutlineColorMoreColorsDialog	More Outline Colors...	True
TextOutlineColorPicker	Text Outline	True
TextOutlineColorPickerAlternate	Text Outline	True
TextOutlineDashesGallery	Dashes	True
TextOutlineMoreLinesDialog	More Lines...	True
TextOutlineWeightGallery	Weight	True
TextPictureFill	Picture...	False
TextPredictionsFeedback	Feedback for Text Predictions	False
TextReflectionGallery	Reflection	True
TextSmallCaps	Small Caps	True
TextStylesGallery	Quick Styles	True
TextToOrFromTable	Text to/from Table	False
TextWrapGallery	Wrap Text	False
TextWrappingBehindText	Behind Text	False
TextWrappingEditWrapPoints	Edit Wrap Points	False
TextWrappingInFrontOfText	In Front of Text	False
TextWrappingInLineWithText	In Line with Text	False
TextWrappingMenu	Text Wrapping	False
TextWrappingNoneClassic	None	False
TextWrappingSquare	Square	False
TextWrappingThrough	Through	False
TextWrappingTight	Tight	False
TextWrappingTopAndBottom	Top and Bottom	False
TextboxFlyoutMenuAnchor		
ThemeBrowseForThemes	Browse for Themes...	True
ThemeColorsCreateNew	Customize Colors...	True
ThemeColorsGallery	Colors	True
ThemeEffectsGallery	Effects	True
ThemeFontsCreateNew	Customize Fonts...	True
ThemeFontsGallery	Fonts	True
ThemeResetFromTemplate	Reset to Theme from Template	True
ThemeSaveCurrent	Save Current Theme...	True
ThemeSearchOfficeOnline	Enable Content Updates from Office.com...	True
ThemesGallery	Themes	True
Theming		
Thesaurus	Thesaurus...	True
ThesaurusClassic	Thesaurus...	True
ThirdCorrectionAlternative	(No Suggestion)	False
Thumbnails		
ToggleLearningTools	Immersive Reader	True
ToggleXmlMappingPane	XML Mapping Pane	True
TrackChangesAdvancedOptions	Track Changes Advanced Options...	True
TranscribeWord	Transcribe	True
Translate	Translate	True
TranslateDocument	Translate Document	False
TranslateMenu	Translate	True
TranslateToSimplifiedChinese	Simplified	True
TranslateToTraditionalChinese	Traditional	True
TranslationLanguageOptions	Choose Translation Language...	False
TranslationPane	Translate...	False
TranslatorDocument	Translate Document	True
TranslatorLookup	Translate Selection	True
TranslatorPreferences	Translator Preferences...	True
TwoPageMode	Side to Side	True
UnHang	Un Hang	True
Underline	Underline	True
UnderlineColorMoreColorsDialog	More Colors...	True
UnderlineColorPicker	Underline Color	True
UnderlineDotted	Dotted Underline	True
UnderlineDouble	Double Underline	True
UnderlineGallery	Underline	True
UnderlineMoreUnderlinesDialog	More Underlines...	True
UnderlineWords	Word Underline	True
Undo	Undo	False
UpdateChannel		
UpdateSource	Update Source	True
UpgradeDocument	Convert	False
UsagePermissions		
VerticalPageMovement	Vertical	True
ViewDocumentActionsPane	Document Actions	False
ViewDocumentMap	Document Map	True
ViewDraftView	Draft	True
ViewFocusModeView	Focus	True
ViewFullScreenReadingView	Read Mode	True
ViewFullScreenView	Full Screen	True
ViewGridlines	View Gridlines	True
ViewGridlinesWord	View Gridlines	True
ViewMasterDocumentViewClassic	Master Document Tools	True
ViewMessageBar	Message Bar	False
ViewOnlineLayoutViewClassic	Online Layout	True
ViewOutlineView	Outline	True
ViewPrintLayoutView	Print Layout	True
ViewRulerWord	Ruler	True
ViewThumbnails	Thumbnails	True
ViewVisualBasicCode	View Code	False
ViewWebLayoutView	Web Layout	True
VisualBasic	Visual Basic	True
VoiceInsert	Voice Comment	False
VoiceInsertInComment	Insert Voice	False
WatermarkCustomDialog	Custom Watermark...	True
WatermarkGallery	Watermark	True
WatermarkRemove	Remove Watermark	True
WebComponent	Web Component...	False
WebDesignMode	Web Design Mode	True
WebGoBack	Back	False
WebGoForward	Forward	False
WebOpenInNewWindow	Open in New Window	False
WebOptionsDialog	Web Options...	True
WebPagePreview	Web Page Preview	True
WhatsNewRecentUpdates	What's New	True
WhiteSpaceBetweenPagesShowHide	White Space Between Pages	True
WhoIs	Who Is...	False
WindowClose	Close	False
WindowMaximizeAll	Maximize All	True
WindowMinimize	Minimize	False
WindowMinimizeAll	Minimize All	True
WindowMoreWindowsDialog	More Windows...	True
WindowMove	Move	False
WindowMoveAll	Move All	False
WindowNew	New Window	True
WindowNext	Next Window	True
WindowOtherPane	Other Pane	True
WindowPrevious	Previous Window	True
WindowResetPosition	Reset Window Position	False
WindowRestore	Restore	False
WindowRestoreAll	Restore All	True
WindowSideBySide	View Side by Side	False
WindowSideBySideSynchronousScrolling	Synchronous Scrolling	False
WindowSize	Size	False
WindowSizeAll	Size All	False
WindowSplit	Split	True
WindowSwitchWindowsMenuWord	Switch Windows	True
WindowsArrangeAll	Arrange All	True
WordArtChangeShapeGallery	Change Shape	False
WordArtClear	Clear WordArt	True
WordArtEditTextClassic	Edit Text...	False
WordArtEvenTextHeightClassic	Even Height	False
WordArtFormatDialog	Format Text Effects...	True
WordArtInsertDialogClassic	WordArt Gallery	False
WordArtInsertGallery	WordArt	True
WordArtInsertGalleryClassic	WordArt	False
WordArtSpacingKernCharacterPairs	Kern Character Pairs	False
WordArtSpacingLoose	Loose	False
WordArtSpacingMenu	Spacing	False
WordArtSpacingNormal	Normal	False
WordArtSpacingTight	Tight	False
WordArtSpacingVeryLoose	Very Loose	False
WordArtSpacingVeryTight	Very Tight	False
WordArtStylesGalleryClassic	WordArt	False
WordArtVerticalText	Vertical Text	False
WordCount	Word Count	True
WordCountRecount	Recount	True
WordLeft	Word Left	True
WordLeftExtend	Word Left Extend	True
WordPicture	Word Picture	False
WordRight	Word Right	True
WordRightExtend	Word Right Extend	True
Workflow		
WorkflowStart		
WorkflowsUnavailable		
WritingAssistanceCheckDocument	Check Document	True
XmlExpansionPacksWord	Expansion Packs	True
XmlOptionsDialog	XML Options...	True
XmlSchema	Schema	True
XmlStructure	Structure	True
XmlToggleTagView	Toggle XML Tag View	True
XmlTransformation	Transformation	False
XmlViewStructure	View XML Structure	True
Zoom100	Zoom 100%	True
Zoom200	View Zoom200	True
Zoom75	View Zoom75	True
ZoomClassic	Zoom:	True
ZoomCurrent100	100%	True
ZoomDialog	Zoom...	True
ZoomIn	Zoom In	True
ZoomOnePage	One Page	True
ZoomOut	Zoom Out	True
ZoomPageWidth	Page Width	True
ZoomTwoPages	Multiple Pages	True
_3DBevelOptionsDialog	3-D Options...	False
_3DBevelPictureTopGallery	Bevel	False
_3DDirectionGalleryClassic	Direction	False
_3DEffectColorPickerClassic	3-D Color	False
_3DEffectColorPickerMoreClassic	More 3-D Colors...	False
_3DEffectsGalleryClassic	3-D Effects	False
_3DEffectsOnOffClassic	3-D On/Off	False
_3DExtrusionDepthCustom	Custom 3D Depth:	False
_3DExtrusionDepthGalleryClassic	Depth	False
_3DExtrusionParallelClassic	Parallel	False
_3DExtrusionPerspectiveClassic	Perspective	False
_3DLightingDimClassic	Dim	False
_3DLightingFlatClassic	Bright	False
_3DLightingGalleryClassic	Lighting	False
_3DLightingNormalClassic	Normal	False
_3DModelPlay	Play	False
_3DModelSceneGallery	Scenes	False
_3DRotationGallery	3-D Rotation	False
_3DRotationOptionsDialog	3-D Rotation Options...	False
_3DSurfaceMaterialGalleryClassic	Surface	False
_3DTiltDownClassic	Tilt Down	False
_3DTiltLeftClassic	Tilt Left	False
_3DTiltRightClassic	Tilt Right	False
_3DTiltUpClassic	Tilt Up	False
